,verbatimScientificName,verbatimTraitName,verbatimTraitValue,verbatimTraitValueSD,verbatimTraitValueCV,verbatimTraitValueType,verbatimTraitMethod,verbatimTraitUnit,verbatimN1,verbatimN1Unit,verbatimN2,verbatimN2Unit,Area,ShortReference,FullReference,AdditionalInfo1,AdditionalInfo2,AdditionalInfo3
1,Barbastella_barbastellus,Linage,3,NA,NA,Maximum,"Sequence_length_bp_OR_Number_of_markers:__Cytb,_CR_(1437)",Number_of_genetic_lineages,NA,NA,NA,NA,full_range,Rebelo et al. (2012),"Rebelo, H., Froufe, E., Brito, J. C., Russo, D., Cistrone, L., Ferrand, N., & Jones, G. (2012). Postglacial colonization of Europe by the barbastelle bat: agreement between molecular data and past predictive modelling. Molecular Ecology, 21(11), 2761-2774.",NA,NA,NA
2,Barbastella_barbastellus,NF,54,NA,NA,Maximum,NA,Number_of_chromosomal_arms,NA,NA,NA,NA,"Greece, Turkey",Volleth (1987),"Volleth, M. (1987). Differences in the location of nucleolus organizer regions in European vespertilionid bats. Cytogenetic and Genome Research, 44(4), 186-197.",NA,NA,NA
3,Barbastella_barbastellus,NFa,50,NA,NA,Maximum,NA,Number_of_autosomal_arms,NA,NA,NA,NA,"Greece, Turkey",Volleth (1987),"Volleth, M. (1987). Differences in the location of nucleolus organizer regions in European vespertilionid bats. Cytogenetic and Genome Research, 44(4), 186-197.",NA,NA,NA
4,Barbastella_barbastellus,Karyotype,32,NA,NA,Maximum,NA,Number_of_chromosomes,NA,NA,NA,NA,"Greece, Turkey",Volleth (1987),"Volleth, M. (1987). Differences in the location of nucleolus organizer regions in European vespertilionid bats. Cytogenetic and Genome Research, 44(4), 186-197.",NA,NA,NA
5,Eptesicus_anatolicus,Linage,2,NA,NA,Maximum,"Sequence_length_bp_OR_Number_of_markers:__Cytb,_ND1_(1420)",Number_of_genetic_lineages,NA,NA,NA,NA,full_range,Juste et al. (2013),"Juste, J., Benda, P., Garciaâ€Mudarra, J. L., & Ibanez, C. (2013). Phylogeny and systematics of O ld W orld serotine bats (genus E ptesicus, V espertilionidae, C hiroptera): an integrative approach. Zoologica Scripta, 42(5), 441-457.",NA,NA,NA
6,Eptesicus_anatolicus,NF,52,NA,NA,Maximum,NA,Number_of_chromosomal_arms,NA,NA,NA,NA,NA,KarataÅŸ & SÃ¶zen (2007),"KarataÅŸ, A., & SÃ¶zen, M. (2007). Karyology of three vespertilionid bats (Chiroptera: Vespertilionidae) from Turkey. Acta Zoologica Academiae Scientiarum Hungaricae, 53(2), 185-192.",NA,NA,NA
7,Eptesicus_anatolicus,NFa,48,NA,NA,Maximum,NA,Number_of_autosomal_arms,NA,NA,NA,NA,NA,KarataÅŸ & SÃ¶zen (2007),"KarataÅŸ, A., & SÃ¶zen, M. (2007). Karyology of three vespertilionid bats (Chiroptera: Vespertilionidae) from Turkey. Acta Zoologica Academiae Scientiarum Hungaricae, 53(2), 185-192.",NA,NA,NA
8,Eptesicus_anatolicus,Karyotype,50,NA,NA,Maximum,NA,Number_of_chromosomes,NA,NA,NA,NA,NA,KarataÅŸ & SÃ¶zen (2007),"KarataÅŸ, A., & SÃ¶zen, M. (2007). Karyology of three vespertilionid bats (Chiroptera: Vespertilionidae) from Turkey. Acta Zoologica Academiae Scientiarum Hungaricae, 53(2), 185-192.",NA,NA,NA
9,Eptesicus_bottae,Linage,4,NA,NA,Maximum,"Sequence_length_bp_OR_Number_of_markers:__Cytb,_ND1_(1420)_",Number_of_genetic_lineages,NA,NA,NA,NA,full_range,Juste et al. (2013),"Juste, J., Benda, P., Garciaâ€Mudarra, J. L., & Ibanez, C. (2013). Phylogeny and systematics of O ld W orld serotine bats (genus E ptesicus, V espertilionidae, C hiroptera): an integrative approach. Zoologica Scripta, 42(5), 441-457.",NA,NA,NA
10,Eptesicus_isabellinus,GeneticPopulationStructure,1,NA,NA,Maximum,Sequence length bp OR Number of markers: _microsatellites_12,Number_of_sub-populations,NA,NA,NA,NA,Spain,Centeno-Cuadros et al. (2019),"Centenoâ€Cuadros, A., Razgour, O., GarcÃ­aâ€Mudarra, J. L., Mingoâ€Casas, P., SandonÃ­s, V., Redondo, A., ... & Juste, J. (2019). Comparative phylogeography and asymmetric hybridization between cryptic bat species. Journal of Zoological Systematics and Evolutionary Research, 57(4), 1004-1018.",NA,NA,NA
11,Eptesicus_isabellinus,Hybridization,yes,NA,NA,NA,NA,NA,NA,NA,NA,NA,Spain,Centeno-Cuadros et al. (2019),"Centenoâ€Cuadros, A., Razgour, O., GarcÃ­aâ€Mudarra, J. L., Mingoâ€Casas, P., SandonÃ­s, V., Redondo, A., ... & Juste, J. (2019). Comparative phylogeography and asymmetric hybridization between cryptic bat species. Journal of Zoological Systematics and Evolutionary Research, 57(4), 1004-1018.",NA,NA,NA
12,Eptesicus_isabellinus,Linage,2,NA,NA,Maximum,Sequence_length_bp_OR_Number_of_markers:__CR_(240),Number_of_genetic_lineages,NA,NA,NA,NA,full_range,Juste et al. (2009),"Juste, J., Bilgin, R., MuÃ±oz, J., & IbÃ¡Ã±ez, C. (2009). Mitochondrial DNA signatures at different spatial scales: from the effects of the Straits of Gibraltar to population structure in the meridional serotine bat (Eptesicus isabellinus). Heredity, 103(2), 178-187.",NA,NA,NA
13,Eptesicus_nilssonii,Karyotype,50,NA,NA,Maximum,NA,Number_of_chromosomes,NA,NA,NA,NA,NA,Heller & Volleth (1984),"Heller, K. G., & Volleth, M. (1984). Taxonomic position of â€œPipistrellus societatisâ€ Hill, 1972 and the karyological characteristics of the genus Eptesicus (Chiroptera: Vespertilionidae). Journal of Zoological Systematics and Evolutionary Research, 22(1), 65-77.",NA,NA,NA
14,Eptesicus_nilssonii,Linage,2,NA,NA,Maximum,"Sequence_length_bp_OR_Number_of_markers:__Cytb,_CR_(930)_",Number_of_genetic_lineages,NA,NA,NA,NA,full_range,LempiÃ¤inen (2014),"LempiÃ¤inen, A. (2014). Mitochondrial DNA diversity of the Northern Bat (Eptesicus nilssonii) in the northern Palearctic.",NA,NA,NA
15,Eptesicus_nilssonii,Hybridization,yes,NA,NA,NA,NA,NA,NA,NA,NA,NA,NA,Mayer & Helversen (2001),"Mayer, F., & Helversen, O. V. (2001). Sympatric distribution of two cryptic bat species across Europe. Biological Journal of the Linnean Society, 74(3), 365-374.",NA,NA,NA
16,Eptesicus_nilssonii,Hybridization,yes,NA,NA,NA,NA,NA,NA,NA,NA,NA,NA,Artyushin et al. (2009),"Artyushin, I. V., Bannikova, A. A., Lebedev, V. S., & Kruskop, S. V. (2009). Mitochondrial DNA relationships among North Palaearctic Eptesicus (Vespertilionidae, Chiroptera) and past hybridization between common serotine and northern bat. Zootaxa, 2262(1), 40-52.",NA,NA,NA
17,Eptesicus_serotinus,Hybridization,yes,NA,NA,NA,NA,NA,NA,NA,NA,NA,Spain,Centeno-Cuadros et al. (2019),"Centenoâ€Cuadros, A., Razgour, O., GarcÃ­aâ€Mudarra, J. L., Mingoâ€Casas, P., SandonÃ­s, V., Redondo, A., ... & Juste, J. (2019). Comparative phylogeography and asymmetric hybridization between cryptic bat species. Journal of Zoological Systematics and Evolutionary Research, 57(4), 1004-1018.",NA,NA,NA
18,Eptesicus_serotinus,Linage,3,NA,NA,Maximum,"Sequence_length_bp_OR_Number_of_markers:__Cytb,_ND1",Number_of_genetic_lineages,NA,NA,NA,NA,NA,Artyushin et al. (2018),"Artyushin, I. V., Kruskop, S. V., Lebedev, V. S., & Bannikova, A. A. (2018). Molecular phylogeny of serotines (Mammalia, Chiroptera, Eptesicus): evolutionary and taxonomical aspects of the E. serotinus species group. Biology Bulletin, 45(5), 469-477.",NA,NA,NA
19,Eptesicus_serotinus,Linage,3,NA,NA,Maximum,"Sequence_length_bp_OR_Number_of_markers:__Cytb,_ND1",Number_of_genetic_lineages,NA,NA,NA,NA,NA,Ã‡oraman et al. (2013),"Coraman, E., Furman, A., KarataÅŸ, A., & Bilgin, R. (2013). Phylogeographic analysis of Anatolian bats highlights the importance of the region for preserving the Chiropteran mitochondrial genetic diversity in the Western Palaearctic. Conservation Genetics, 14(6), 1205-1216.",NA,NA,NA
23,Eptesicus_serotinus,GeneticPopulationStructure,4,NA,NA,Maximum,Sequence length bp OR Number of markers: _microsatellites_10,Number_of_sub-populations,NA,NA,NA,NA,Europe,Moussy et al. (2015),"Moussy, C., Atterby, H., Griffiths, A. G. F., Allnutt, T. R., Mathews, F., Smith, G. C., ... & Hosken, D. J. (2015). Population genetic structure of serotine bats (Eptesicus serotinus) across Europe and implications for the potential spread of bat rabies (European bat lyssavirus EBLV-1). Heredity, 115(1), 83-92.",NA,NA,NA
24,Eptesicus_serotinus,AllelicRichness,3,0.1,0.03,mean,Sequence length bp OR Number of markers: _microsatellites,Number_of_alleles,NA,NA,NA,NA,Europe,Moussy et al. (2015),"Moussy, C., Atterby, H., Griffiths, A. G. F., Allnutt, T. R., Mathews, F., Smith, G. C., ... & Hosken, D. J. (2015). Population genetic structure of serotine bats (Eptesicus serotinus) across Europe and implications for the potential spread of bat rabies (European bat lyssavirus EBLV-1). Heredity, 115(1), 83-92.",NA,NA,NA
25,Hypsugo_savii,Linage,3,NA,NA,Maximum,"Sequence_length_bp_OR_Number_of_markers:__Cytb,_ND1",Number_of_genetic_lineages,NA,NA,NA,NA,full_range,Garcia-Mudarra et al. (2009),"Garcia-Mudarra, J. L., Ibanez, C., & Juste, J. (2009). The Straits of Gibraltar: barrier or bridge to Ibero-Moroccan bat diversity?. Biological Journal of the Linnean Society, 96(2), 434-450.",NA,NA,NA
26,Hypsugo_savii,Linage,3,NA,NA,Maximum,"Sequence_length_bp_OR_Number_of_markers:__Cytb,_ND1",Number_of_genetic_lineages,NA,NA,NA,NA,full_range,Ã‡oraman et al. (2013),"Coraman, E., Furman, A., KarataÅŸ, A., & Bilgin, R. (2013). Phylogeographic analysis of Anatolian bats highlights the importance of the region for preserving the Chiropteran mitochondrial genetic diversity in the Western Palaearctic. Conservation Genetics, 14(6), 1205-1216.",NA,NA,NA
27,Hypsugo_savii,NF,50,NA,NA,Maximum,NA,Number_of_chromosomal_arms,NA,NA,NA,NA,"Bulgaria, Greece",Volleth (1987),"Volleth, M. (1987). Differences in the location of nucleolus organizer regions in European vespertilionid bats. Cytogenetic and Genome Research, 44(4), 186-197.",NA,NA,NA
28,Hypsugo_savii,NFa,54,NA,NA,Maximum,NA,Number_of_autosomal_arms,NA,NA,NA,NA,"Bulgaria, Greece",Volleth (1987),"Volleth, M. (1987). Differences in the location of nucleolus organizer regions in European vespertilionid bats. Cytogenetic and Genome Research, 44(4), 186-197.",NA,NA,NA
29,Hypsugo_savii,Karyotype,44,NA,NA,Maximum,NA,Number_of_chromosomes,NA,NA,NA,NA,"Bulgaria, Greece",Volleth (1987),"Volleth, M. (1987). Differences in the location of nucleolus organizer regions in European vespertilionid bats. Cytogenetic and Genome Research, 44(4), 186-197.",NA,NA,NA
30,Miniopterus_schreibersii,Linage,1,NA,NA,Maximum,"Sequence_length_bp_OR_Number_of_markers:__Cytb,_CR_(787)",Number_of_genetic_lineages,787,individual,NA,NA,Mediterranean_area,Bilgin et al. (2016),"Bilgin, R., GÃ¼rÃ¼n, K., Rebelo, H., Puechmaille, S. J., MaracÄ±, Ã–., Presetnik, P., ... & Juste, J. (2016). Circum-Mediterranean phylogeography of a bat coupled with past environmental niche modeling: A new paradigm for the recolonization of Europe?. Molecular Phylogenetics and Evolution, 99, 323-336.",NA,NA,NA
31,Miniopterus_schreibersii,GenomeSize_(Gb),2,NA,NA,Maximum,NA,Giga_base_pairs,NA,NA,NA,NA,NA,Broad Institute (2019),Broad Institute 2020,NA,NA,NA
32,Miniopterus_schreibersii,GeneticPopulationStructure,1,NA,NA,Maximum,Sequence length bp OR Number of markers: _microsatellites_14,Number_of_sub-populations,NA,NA,NA,NA,Mediterranean_area,Gurun et al. (2019),"GÃ¼rÃ¼n, K., Furman, A., Juste, J., Ramos Pereira, M. J., Palmeirim, J. M., Puechmaille, S. J., ... & Bilgin, R. (2019). A continent-scale study of the social structure and phylogeography of the bent-wing bat, Miniopterus schreibersii (Mammalia: Chiroptera), using new microsatellite data. Journal of Mammalogy, 100(6), 1865-1878.",NA,NA,NA
33,Miniopterus_schreibersii,AllelicRichness,4,1.23,0.3,mean,Sequence length bp OR Number of markers: _microsatellites,Number_of_alleles,NA,NA,NA,NA,Mediterranean_area,Gurun et al. (2019),"GÃ¼rÃ¼n, K., Furman, A., Juste, J., Ramos Pereira, M. J., Palmeirim, J. M., Puechmaille, S. J., ... & Bilgin, R. (2019). A continent-scale study of the social structure and phylogeography of the bent-wing bat, Miniopterus schreibersii (Mammalia: Chiroptera), using new microsatellite data. Journal of Mammalogy, 100(6), 1865-1878.",Range: 3.0-7.0,NA,NA
35,Miniopterus_schreibersii,NFa,48,NA,NA,Maximum,NA,Number_of_autosomal_arms,NA,NA,NA,NA,NA,KarataÅŸ & SÃ¶zen (2004),"KarataÅŸ, A., & SÃ¶zen, M. (2004). Contribution to karyology, distribution and taxonomic status of the Long-winged Bat, Miniopterus schreibersii (Chiroptera: Vespertilionidae), in Turkey. Zoology in the Middle East, 33(1), 51-64.",NA,NA,NA
36,Miniopterus_schreibersii,NFa,50,NA,NA,Maximum,NA,Number_of_autosomal_arms,NA,NA,NA,NA,NA,Matthey & Bovey (1948),"Matthey, R., & Bovey, R. (1948). La formule chromosomique chez cinq especes de Chiropteres. Experientia, 4(1), 26-27.",NA,NA,NA
37,Miniopterus_schreibersii,Karyotype,46,NA,NA,Maximum,NA,Number_of_chromosomes,NA,NA,NA,NA,NA,Matthey & Bovey (1948),"Matthey, R., & Bovey, R. (1948). La formule chromosomique chez cinq especes de Chiropteres. Experientia, 4(1), 26-27.",NA,NA,NA
38,Miniopterus_schreibersii,Karyotype,46,NA,NA,Maximum,NA,Number_of_chromosomes,NA,NA,NA,NA,NA,Zima & KrÃ¡l (1984),"Zima, J. (1984). Karyotypes of European mammals I. Acta Sciences of Nature Brno, 18, 1-51.",NA,NA,NA
39,Miniopterus_schreibersii,NFa,52,NA,NA,Maximum,NA,Number_of_autosomal_arms,NA,NA,NA,NA,NA,Zima & KrÃ¡l (1984),"Zima, J. (1984). Karyotypes of European mammals I. Acta Sciences of Nature Brno, 18, 1-51.",NA,NA,NA
40,Myotis_alcathoe,AllelicRichness,2,0.03,0.02,mean,Sequence length bp OR Number of markers: _microsatellites,Number_of_alleles,NA,NA,NA,NA,Poland,Bogdanowicz et al. (2012a),"Bogdanowicz, W., Piksa, K., & Tereba, A. (2012a). Genetic structure in three species of whiskered bats (genus Myotis) during swarming. Journal of Mammalogy, 93(3), 799-807.",Range 1.76-1.85,NA,NA
41,Myotis_alcathoe,Hybridization,yes,NA,NA,NA,NA,NA,NA,NA,NA,NA,Poland,Bogdanowicz et al. (2012b),"Bogdanowicz, W., Piksa, K., & Tereba, A. (2012b). Hybridization hotspots at bat swarming sites. Plos one, 7(12), e53334.",NA,NA,NA
42,Myotis_alcathoe,Linage,1,NA,NA,Maximum,"Sequence_length_bp_OR_Number_of_markers:__Cytb,_ND1",Number_of_genetic_lineages,NA,NA,NA,NA,NA,Ã‡oraman et al. (2013),"Coraman, E., Furman, A., KarataÅŸ, A., & Bilgin, R. (2013). Phylogeographic analysis of Anatolian bats highlights the importance of the region for preserving the Chiropteran mitochondrial genetic diversity in the Western Palaearctic. Conservation Genetics, 14(6), 1205-1216.",NA,NA,NA
43,Myotis_alcathoe,NFa,50,NA,NA,Maximum,NA,Number_of_autosomal_arms,NA,NA,NA,NA,Greece,Volleth (1987),"Volleth, M. (1987). Differences in the location of nucleolus organizer regions in European vespertilionid bats. Cytogenetic and Genome Research, 44(4), 186-197.",NA,NA,NA
44,Myotis_alcathoe,NF,54,NA,NA,Maximum,NA,Number_of_chromosomal_arms,NA,NA,NA,NA,Greece,Volleth (1987),"Volleth, M. (1987). Differences in the location of nucleolus organizer regions in European vespertilionid bats. Cytogenetic and Genome Research, 44(4), 186-197.",NA,NA,NA
45,Myotis_alcathoe,Karyotype,44,NA,NA,Maximum,NA,Number_of_chromosomes,NA,NA,NA,NA,Greece,Volleth (1987),"Volleth, M. (1987). Differences in the location of nucleolus organizer regions in European vespertilionid bats. Cytogenetic and Genome Research, 44(4), 186-197.",NA,NA,NA
46,Myotis_bechsteinii,Linage,2,NA,NA,Maximum,"Sequence_length_bp_OR_Number_of_markers:__Cytb,_ND1",Number_of_genetic_lineages,NA,NA,NA,NA,full_range,Ã‡oraman et al. (2013),"Coraman, E., Furman, A., KarataÅŸ, A., & Bilgin, R. (2013). Phylogeographic analysis of Anatolian bats highlights the importance of the region for preserving the Chiropteran mitochondrial genetic diversity in the Western Palaearctic. Conservation Genetics, 14(6), 1205-1216.",NA,NA,NA
47,Myotis_bechsteinii,CompleteMitochondrialGenome(bp),17151,NA,NA,Maximum,NA,base_pairs,NA,NA,NA,NA,NA,Jebb et al. (2017),"Jebb, D., Foley, N. M., Kerth, G., & Teeling, E. C. (2017). The complete mitochondrial genome of the Bechsteinâ€™s bat, Myotis bechsteinii (Chiroptera, Vespertilionidae). Mitochondrial DNA Part B, 2(1), 92-94.",NA,NA,NA
48,Myotis_bechsteinii,NFa,55,NA,NA,Maximum,NA,Number_of_autosomal_arms,NA,NA,NA,NA,NA,Volleth (1987),"Volleth, M. (1987). Differences in the location of nucleolus organizer regions in European vespertilionid bats. Cytogenetic and Genome Research, 44(4), 186-197.",NA,NA,NA
49,Myotis_bechsteinii,Karyotype,44,NA,NA,Maximum,NA,Number_of_chromosomes,NA,NA,NA,NA,NA,Volleth (1987),"Volleth, M. (1987). Differences in the location of nucleolus organizer regions in European vespertilionid bats. Cytogenetic and Genome Research, 44(4), 186-197.",NA,NA,NA
50,Myotis_bechsteinii,GeneticPopulationStructure,4,NA,NA,Maximum,Sequence length bp OR Number of markers: _microsatellites_14,Number_of_sub-populations,NA,NA,NA,NA,Europe,Wright et al. (2018),"Wright, P. G., Hamilton, P. B., Schofield, H., Glover, A., Damant, C., Davidson-Watts, I., & Mathews, F. (2018). Genetic structure and diversity of a rare woodland bat, Myotis bechsteinii: comparison of continental Europe and Britain. Conservation Genetics, 19(4), 777-787.",NA,NA,NA
51,Myotis_bechsteinii,AllelicRichness,6,NA,NA,mean,Sequence length bp OR Number of markers: _microsatellites,Number_of_alleles,NA,NA,NA,NA,Europe,Wright et al. (2018),"Wright, P. G., Hamilton, P. B., Schofield, H., Glover, A., Damant, C., Davidson-Watts, I., & Mathews, F. (2018). Genetic structure and diversity of a rare woodland bat, Myotis bechsteinii: comparison of continental Europe and Britain. Conservation Genetics, 19(4), 777-787.",Range: 5.09-6.34,NA,NA
55,Myotis_blythii,Karyotype,44,NA,NA,Maximum,NA,Number_of_chromosomes,NA,NA,NA,NA,Bulgaria,Belcheva et al. (1992),"Belcheva, R. G., Topashka-Ancheva, M. N., & Biserkov, V. (1992). Karyological study of three species of bats of the family Vespertilionidae (Chiroptera, Mammalia) from Bulgaria. Acta zoologica bulgarica, 45, 72-76.",NA,NA,NA
56,Myotis_blythii,Hybridization,yes,NA,NA,NA,NA,NA,NA,NA,NA,NA,France,Afonso et al. (2017),"Afonso, E., Goydadin, A. C., Giraudoux, P., & Farny, G. (2017). Investigating hybridization between the two sibling bat species Myotis myotis and M. blythii from guano in a natural mixed maternity colony. PLoS One, 12(2), e0170534.",NA,NA,NA
57,Myotis_blythii,Hybridization,yes,NA,NA,NA,NA,NA,NA,NA,NA,NA,"Switzerland, Italy",Berthier et al. (2006),"Berthier, P., Excoffier, L., & Ruedi, M. (2006). Recurrent replacement of mtDNA and cryptic hybridization between two sibling bat species Myotis myotis and Myotis blythii. Proceedings of the Royal Society B: Biological Sciences, 273(1605), 3101-3123.",NA,NA,NA
58,Myotis_blythii,Linage,3,NA,NA,Maximum,"Sequence_length_bp_OR_Number_of_markers:__Cytb,_ND1",Number_of_genetic_lineages,NA,NA,NA,NA,NA,Ã‡oraman et al. (2013),"Coraman, E., Furman, A., KarataÅŸ, A., & Bilgin, R. (2013). Phylogeographic analysis of Anatolian bats highlights the importance of the region for preserving the Chiropteran mitochondrial genetic diversity in the Western Palaearctic. Conservation Genetics, 14(6), 1205-1216.",NA,NA,NA
59,Myotis_blythii,GeneticPopulationStructure,2,NA,NA,Maximum,Sequence length bp OR Number of markers: _microsatellites_8,Number_of_sub-populations,NA,NA,NA,NA,full_range,Furman et al. (2014),"Furman, A., Coraman, E., Ã‡elik, Y. E., Postawa, T., Bachanek, J., & Ruedi, M. (2014). Cytonuclear discordance and the species status of M yotis myotis and M yotis blythii (C hiroptera). Zoologica Scripta, 43(6), 549-561.",NA,NA,NA
61,Myotis_brandtii,AllelicRichness,3,0.1,0.03,mean,Sequence length bp OR Number of markers: _microsatellites,Number_of_alleles,NA,NA,NA,NA,Poland,Bogdanowicz et al. (2012a),"Bogdanowicz, W., Piksa, K., & Tereba, A. (2012a). Genetic structure in three species of whiskered bats (genus Myotis) during swarming. Journal of Mammalogy, 93(3), 799-807.",Range: 2.82-3.14,NA,NA
62,Myotis_brandtii,Hybridization,yes,NA,NA,NA,NA,NA,NA,NA,NA,NA,Poland,Bogdanowicz et al. (2012b),"Bogdanowicz, W., Piksa, K., & Tereba, A. (2012b). Hybridization hotspots at bat swarming sites. Plos one, 7(12), e53334.",NA,NA,NA
63,Myotis_brandtii,GeneticPopulationStructure,1,NA,NA,Maximum,Sequence length bp OR Number of markers: _microsatellites_7,Number_of_sub-populations,NA,NA,NA,NA,Poland,Forster et al. (2020),"Forster, M., Coombes, J., Paterson, S., & Lilley, T. Population Genetics of the Eurasian Bat (Myotis brandtii).",NA,NA,NA
64,Myotis_brandtii,CompleteMitochondrialGenome(bp),17470,NA,NA,Maximum,NA,base_pairs,NA,NA,NA,NA,NA,Jiang et al. (2014),"Jiang, J. J., Wang, S. Q., Li, Y. J., Zhang, W., Yin, A. G., & Hu, M. (2016). The complete mitochondrial genome of insect-eating brandt's bat, Myotis brandtii (Myotis, Vespertilionidae). Mitochondrial DNA Part A, 27(2), 1403-1404.",NA,NA,NA
65,Myotis_brandtii,GenomeSize_(Gb),2,NA,NA,Maximum,NA,Giga_base_pairs,NA,NA,NA,NA,NA,Salicini et al. (2013),"Salicini, I., IbÃ¡Ã±ez, C., & Juste, J. (2013). Deep differentiation between and within Mediterranean glacial refugia in a flying mammal, the Myotis nattereri bat complex. Journal of Biogeography, 40(6), 1182-1193.",NA,NA,NA
66,Myotis_brandtii,NFa,50,NA,NA,Maximum,NA,Number_of_autosomal_arms,NA,NA,NA,NA,NA,Zima & KrÃ¡l (1984),"Zima, J. (1984). Karyotypes of European mammals I. Acta Sciences of Nature Brno, 18, 1-51.",NA,NA,NA
67,Myotis_brandtii,NF,54,NA,NA,Maximum,NA,Number_of_chromosomal_arms,NA,NA,NA,NA,NA,Zima & KrÃ¡l (1984),"Zima, J. (1984). Karyotypes of European mammals I. Acta Sciences of Nature Brno, 18, 1-51.",NA,NA,NA
68,Myotis_brandtii,Karyotype,44,NA,NA,Maximum,NA,Number_of_chromosomes,NA,NA,NA,NA,NA,Zima & KrÃ¡l (1984),"Zima, J. (1984). Karyotypes of European mammals I. Acta Sciences of Nature Brno, 18, 1-51.",NA,NA,NA
72,Myotis_capaccinii,Linage,2,NA,NA,Maximum,"Sequence_length_bp_OR_Number_of_markers:__Cytb,_ND1",Number_of_genetic_lineages,NA,NA,NA,NA,NA,Ã‡oraman et al. (2013),"Coraman, E., Furman, A., KarataÅŸ, A., & Bilgin, R. (2013). Phylogeographic analysis of Anatolian bats highlights the importance of the region for preserving the Chiropteran mitochondrial genetic diversity in the Western Palaearctic. Conservation Genetics, 14(6), 1205-1216.",NA,NA,NA
73,Myotis_capaccinii,GeneticPopulationStructure,3,NA,NA,Maximum,Sequence length bp OR Number of markers: _microsatellites_6,Number_of_sub-populations,NA,NA,NA,NA,Europe,Viglino (2012),"Viglino, A. (2012). Study of variability and genetic structure of European populations of Myotis emarginatus and Myotis capaccinii (Chiroptera, Vespertilionidae).",NA,NA,NA
74,Myotis_capaccinii,AllelicRichness,3,1.55,0.45,mean,Sequence length bp OR Number of markers: _microsatellites,Number_of_alleles,NA,NA,NA,NA,Europe,Viglino (2012),"Viglino, A. (2012). Study of variability and genetic structure of European populations of Myotis emarginatus and Myotis capaccinii (Chiroptera, Vespertilionidae).",Range: 1.57-5.85,NA,NA
75,Myotis_crypticus,Hybridization,yes,NA,NA,NA,NA,NA,NA,NA,NA,NA,Italy,Ã‡oraman et al. (2019),"Ã‡oraman, E., Dietz, C., Hempel, E., Ghazaryan, A., Levin, E., Presetnik, P., ... & Mayer, F. (2019). Reticulate evolutionary history of a Western Palaearctic Bat Complex explained by multiple mt DNA introgressions in secondary contacts. Journal of Biogeography, 46(2), 343-354.",NA,NA,NA
76,Myotis_crypticus,GeneticPopulationStructure,3,NA,NA,Maximum,Sequence length bp OR Number of markers: _snps_20693,Number_of_sub-populations,NA,NA,NA,NA,Europe,Razgour et al. (2019),"Razgour, O., Forester, B., Taggart, J. B., Bekaert, M., Juste, J., IbÃ¡Ã±ez, C., ... & Manel, S. (2019). Considering adaptive genetic variation in climate change vulnerability assessment reduces species range loss projections. Proceedings of the National Academy of Sciences, 116(21), 10418-10423.",NA,NA,NA
77,Myotis_crypticus,Linage,3,NA,NA,Maximum,"Sequence_length_bp_OR_Number_of_markers:__Cytb,_ND1,_CR_(1570)",Number_of_genetic_lineages,1570,individual,NA,NA,full_range,Salicini et al. (2013),"Salicini, I., IbÃ¡Ã±ez, C., & Juste, J. (2013). Deep differentiation between and within Mediterranean glacial refugia in a flying mammal, the Myotis nattereri bat complex. Journal of Biogeography, 40(6), 1182-1193.",NA,NA,NA
78,Myotis_dasycneme,Linage,2,NA,NA,Maximum,"Sequence_length_bp_OR_Number_of_markers:__Cytb,_CR_(768)",Number_of_genetic_lineages,768,individual,NA,NA,partial_european_range,Andersen et al. (2019),"Andersen, L. W., Dirksen, R., Nikulina, E. A., BaagÃ¸e, H. J., Petersons, G., EstÃ³k, P., ... & Elmeros, M. (2019). Conservation genetics of the pond bat (Myotis dasycneme) with special focus on the populations in northwestern Germany and in Jutland, Denmark. Ecology and evolution, 9(9), 5292-5308.",NA,NA,NA
79,Myotis_daubentonii,GeneticPopulationStructure,5,NA,NA,Maximum,Sequence length bp OR Number of markers: _microsatellites_8,Number_of_sub-populations,NA,NA,NA,NA,Western_Europe,Atterby et al. (2009),"Atterby, H., Aegerter, J. N., Smith, G. C., Conyers, C. M., Allnutt, T. R., Ruedi, M., & MacNicoll, A. D. (2010). Population genetic structure of the Daubentonâ€™s bat (Myotis daubentonii) in western Europe and the associated occurrence of rabies. European Journal of Wildlife Research, 56(1), 67-81.",NA,NA,NA
80,Myotis_daubentonii,AllelicRichness,10,NA,NA,mean,Sequence length bp OR Number of markers: _microsatellites,Number_of_alleles,NA,NA,NA,NA,Western_Europe,Atterby et al. (2009),"Atterby, H., Aegerter, J. N., Smith, G. C., Conyers, C. M., Allnutt, T. R., Ruedi, M., & MacNicoll, A. D. (2010). Population genetic structure of the Daubentonâ€™s bat (Myotis daubentonii) in western Europe and the associated occurrence of rabies. European Journal of Wildlife Research, 56(1), 67-81.",Range: 7.38-12.75,NA,NA
81,Myotis_daubentonii,Linage,3,NA,NA,Maximum,"Sequence_length_bp_OR_Number_of_markers:__Cytb,_CR_(1078)",Number_of_genetic_lineages,1078,individual,NA,NA,Europe,Nardone (2015),"Nardone, V. (2015). Ecology and phylogeography of the riparian habitat specialist Myotis daubentonii.",NA,NA,NA
82,Myotis_daubentonii,NF,56,NA,NA,Maximum,NA,Number_of_chromosomal_arms,NA,NA,NA,NA,Greece,Volleth (1987),"Volleth, M. (1987). Differences in the location of nucleolus organizer regions in European vespertilionid bats. Cytogenetic and Genome Research, 44(4), 186-197.",NA,NA,NA
83,Myotis_daubentonii,NFa,52,NA,NA,Maximum,NA,Number_of_autosomal_arms,NA,NA,NA,NA,Greece,Volleth (1987),"Volleth, M. (1987). Differences in the location of nucleolus organizer regions in European vespertilionid bats. Cytogenetic and Genome Research, 44(4), 186-197.",NA,NA,NA
84,Myotis_daubentonii,Karyotype,44,NA,NA,Maximum,NA,Number_of_chromosomes,NA,NA,NA,NA,Greece,Volleth (1987),"Volleth, M. (1987). Differences in the location of nucleolus organizer regions in European vespertilionid bats. Cytogenetic and Genome Research, 44(4), 186-197.",NA,NA,NA
85,Myotis_daubentonii,NFa,52,NA,NA,Maximum,NA,Number_of_autosomal_arms,NA,NA,NA,NA,NA,Zima & HorÃ¡Äek (1985),"Zima, J. (1985). Synopsis of karyotypes of vespertilionid bats (Mammalia: Chiroptera). Acta Univ. Carol. Biol., 1981, 311-329.",NA,NA,NA
86,Myotis_daubentonii,Karyotype,44,NA,NA,Maximum,NA,Number_of_chromosomes,NA,NA,NA,NA,NA,Zima & HorÃ¡Äek (1985),"Zima, J. (1985). Synopsis of karyotypes of vespertilionid bats (Mammalia: Chiroptera). Acta Univ. Carol. Biol., 1981, 311-329.",NA,NA,NA
87,Myotis_davidii,Linage,2,NA,NA,Maximum,Sequence_length_bp_OR_Number_of_markers:__ND1_(450),Number_of_genetic_lineages,450,individual,NA,NA,full_range,Ã‡oraman et al. (2020),"Ã‡oraman, E., Dundarova, H., Dietz, C., & Mayer, F. (2020). Patterns of mtDNA introgression suggest population replacement in Palaearctic whiskered bat species. Royal Society open science, 7(6), 191805.",NA,NA,NA
88,Myotis_davidii,CompleteMitochondrialGenome(bp),17531,NA,NA,Maximum,NA,base_pairs,NA,NA,NA,NA,NA,Wang et al. (2016),"Wang, S. Q., Li, Y. J., Yin, A. G., Zhang, W., Jiang, J. J., Wang, W. L., & Hu, M. (2016). The complete mitochondrial genome of Davidâ€™s myotis, Myotis davidii (Myotis, Vespertilionidae). Mitochondrial DNA Part A, 27(3), 1587-1588.",NA,NA,NA
90,Myotis_davidii,GenomeSize_(Gb),2,NA,NA,Maximum,NA,Giga_base_pairs,NA,NA,NA,NA,NA,Zhang et al. (2013),"Zhang, G., Cowled, C., Shi, Z., Huang, Z., Bishop-Lilly, K. A., Fang, X., ... & Wang, J. (2013). Comparative analysis of bat genomes provides insight into the evolution of flight and immunity. Science, 339(6118), 456-460.",NA,NA,NA
91,Myotis_emarginatus,Linage,1,NA,NA,Maximum,"Sequence_length_bp_OR_Number_of_markers:__Cytb,_ND1",Number_of_genetic_lineages,NA,NA,NA,NA,NA,Ã‡oraman et al. (2013),"Coraman, E., Furman, A., KarataÅŸ, A., & Bilgin, R. (2013). Phylogeographic analysis of Anatolian bats highlights the importance of the region for preserving the Chiropteran mitochondrial genetic diversity in the Western Palaearctic. Conservation Genetics, 14(6), 1205-1216.",NA,NA,NA
92,Myotis_emarginatus,AllelicRichness,6,1.2,0.19,mean,Sequence length bp OR Number of markers: _microsatellites,Number_of_alleles,NA,NA,NA,NA,"Italy, Spain, Morocco",Viglino (2012),"Viglino, A. (2012). Study of variability and genetic structure of European populations of Myotis emarginatus and Myotis capaccinii (Chiroptera, Vespertilionidae).",Range: 3.0-7.8,NA,NA
93,Myotis_emarginatus,GeneticPopulationStructure,2,NA,NA,Maximum,Sequence length bp OR Number of markers: _microsatellites_13,Number_of_sub-populations,NA,NA,NA,NA,"Italy, Spain, Morocco",Viglino et al. (2016),"Viglino, A., Caniglia, R., Ruiz-Gonzalez, A., Russo, D., Galaverni, M., Toffoli, R., ... & Randi, E. (2016). What can we learn from faeces? Assessing genotyping success and genetic variability in three mouse-eared bat species from non-invasive genetic sampling. Hystrix, the Italian Journal of Mammalogy, 27(2).",NA,NA,NA
94,Myotis_emarginatus,NFa,52,NA,NA,Maximum,NA,Number_of_autosomal_arms,NA,NA,NA,NA,NA,Volleth (1989),"Volleth, M. (1989). Karyotypevolution und Phylogenie der Vespertilionidae (Mammalia: Chiroptera) (Doctoral dissertation, Uitgever niet vastgesteld).",NA,NA,NA
95,Myotis_emarginatus,NF,56,NA,NA,Maximum,NA,Number_of_chromosomal_arms,NA,NA,NA,NA,NA,Volleth (1989),"Volleth, M. (1989). Karyotypevolution und Phylogenie der Vespertilionidae (Mammalia: Chiroptera) (Doctoral dissertation, Uitgever niet vastgesteld).",NA,NA,NA
96,Myotis_emarginatus,Karyotype,44,NA,NA,Maximum,NA,Number_of_chromosomes,NA,NA,NA,NA,NA,Volleth (1989),"Volleth, M. (1989). Karyotypevolution und Phylogenie der Vespertilionidae (Mammalia: Chiroptera) (Doctoral dissertation, Uitgever niet vastgesteld).",NA,NA,NA
97,Myotis_escalerai,Hybridization,no,NA,NA,NA,NA,NA,NA,NA,NA,NA,NA,Ã‡oraman et al. (2019),"Ã‡oraman, E., Dietz, C., Hempel, E., Ghazaryan, A., Levin, E., Presetnik, P., ... & Mayer, F. (2019). Reticulate evolutionary history of a Western Palaearctic Bat Complex explained by multiple mt DNA introgressions in secondary contacts. Journal of Biogeography, 46(2), 343-354.",NA,NA,NA
98,Myotis_escalerai,Linage,3,NA,NA,Maximum,Sequence_length_bp_OR_Number_of_markers:__Cytb_(750),Number_of_genetic_lineages,750,individual,NA,NA,full_range,Razgour et al. (2015),"Razgour, O., Salicini, I., IbÃ¡Ã±ez, C., Randi, E., & Juste, J. (2015). Unravelling the evolutionary history and future prospects of endemic species restricted to former glacial refugia. Molecular ecology, 24(20), 5267-5283.",NA,NA,NA
99,Myotis_escalerai,AllelicRichness,6,0.88,0.16,mean,Sequence length bp OR Number of markers: _microsatellites,Number_of_alleles,NA,NA,NA,NA,full_range,Razgour et al. (2015),"Razgour, O., Salicini, I., IbÃ¡Ã±ez, C., Randi, E., & Juste, J. (2015). Unravelling the evolutionary history and future prospects of endemic species restricted to former glacial refugia. Molecular ecology, 24(20), 5267-5283.",Range: 3.1-6.8,NA,NA
100,Myotis_escalerai,GeneticPopulationStructure,3,NA,NA,Maximum,Sequence length bp OR Number of markers: _snps_17289,Number_of_sub-populations,NA,NA,NA,NA,full_range,Razgour et al. (2019),"Razgour, O., Forester, B., Taggart, J. B., Bekaert, M., Juste, J., IbÃ¡Ã±ez, C., ... & Manel, S. (2019). Considering adaptive genetic variation in climate change vulnerability assessment reduces species range loss projections. Proceedings of the National Academy of Sciences, 116(21), 10418-10423.",NA,NA,NA
101,Myotis_myotis,Hybridization,yes,NA,NA,NA,NA,NA,NA,NA,NA,NA,France,Afonso et al. (2017),"Afonso, E., Goydadin, A. C., Giraudoux, P., & Farny, G. (2017). Investigating hybridization between the two sibling bat species Myotis myotis and M. blythii from guano in a natural mixed maternity colony. PLoS One, 12(2), e0170534.",NA,NA,NA
102,Myotis_myotis,Hybridization,yes,NA,NA,NA,NA,NA,NA,NA,NA,NA,"Switzerland, Italy",Berthier et al. (2006),"Berthier, P., Excoffier, L., & Ruedi, M. (2006). Recurrent replacement of mtDNA and cryptic hybridization between two sibling bat species Myotis myotis and Myotis blythii. Proceedings of the Royal Society B: Biological Sciences, 273(1605), 3101-3123.",NA,NA,NA
103,Myotis_myotis,Linage,2,NA,NA,Maximum,"Sequence_length_bp_OR_Number_of_markers:__Cytb,_ND1",Number_of_genetic_lineages,NA,NA,NA,NA,NA,Ã‡oraman et al. (2013),"Coraman, E., Furman, A., KarataÅŸ, A., & Bilgin, R. (2013). Phylogeographic analysis of Anatolian bats highlights the importance of the region for preserving the Chiropteran mitochondrial genetic diversity in the Western Palaearctic. Conservation Genetics, 14(6), 1205-1216.",NA,NA,NA
104,Myotis_myotis,GeneticPopulationStructure,3,NA,NA,Maximum,Sequence length bp OR Number of markers: _microsatellites_8,Number_of_sub-populations,NA,NA,NA,NA,full_range,Furman et al. (2014),"Furman, A., Coraman, E., Ã‡elik, Y. E., Postawa, T., Bachanek, J., & Ruedi, M. (2014). Cytonuclear discordance and the species status of M yotis myotis and M yotis blythii (C hiroptera). Zoologica Scripta, 43(6), 549-561.",NA,NA,NA
105,Myotis_myotis,GenomeSize_(Gb),2,NA,NA,Maximum,NA,Giga_base_pairs,NA,NA,NA,NA,NA,Jebb et al. (2020),"Jebb, D., Huang, Z., Pippel, M., Hughes, G. M., Lavrichenko, K., Devanna, P., ... & Teeling, E. C. (2020). Six reference-quality genomes reveal evolution of bat adaptations. Nature, 583(7817), 578-584.",NA,NA,NA
106,Myotis_myotis,AllelicRichness,9,NA,NA,mean,Sequence length bp OR Number of markers: _microsatellites,Number_of_alleles,NA,NA,NA,NA,Europe,Ruedi & Castella (2003),"Ruedi, M., & Castella, V. (2003). Genetic consequences of the ice ages on nurseries of the bat Myotis myotis: a mitochondrial and nuclear survey. Molecular Ecology, 12(6), 1527-1540.",Range: 6.5-10.0,NA,NA
107,Myotis_myotis,Karyotype,44,NA,NA,Maximum,Sequence_length_bp_OR_Number_of_markers:_Fluorescence_in-situ_hybridization,Number_of_chromosomes,NA,NA,NA,NA,Germany,Volleth et al. (2002),"Volleth, M., Heller, K. G., Pfeiffer, R. A., & Hameister, H. (2002). A comparative ZOO-FISH analysis in bats elucidates the phylogenetic relationships between Megachiroptera and five microchiropteran families. Chromosome Research, 10(6), 477-497.",NA,NA,NA
108,Myotis_mystacinus,AllelicRichness,4,0.14,0.03,mean,Sequence length bp OR Number of markers: _microsatellites,Number_of_alleles,NA,NA,NA,NA,Poland,Bogdanowicz et al. (2012a),"Bogdanowicz, W., Piksa, K., & Tereba, A. (2012a). Genetic structure in three species of whiskered bats (genus Myotis) during swarming. Journal of Mammalogy, 93(3), 799-807.",Range: 4.18-4.65,NA,NA
109,Myotis_mystacinus,Linage,2,NA,NA,Maximum,Sequence_length_bp_OR_Number_of_markers:__ND1_(450),Number_of_genetic_lineages,450,individual,NA,NA,full_range,Ã‡oraman et al. (2020),"Ã‡oraman, E., Dundarova, H., Dietz, C., & Mayer, F. (2020). Patterns of mtDNA introgression suggest population replacement in Palaearctic whiskered bat species. Royal Society open science, 7(6), 191805.",NA,NA,NA
110,Myotis_mystacinus,Hybridization,yes,NA,NA,NA,NA,NA,NA,NA,NA,NA,"Turkey, Balkans, Poland",Ã‡oraman et al. (2020),"Ã‡oraman, E., Dundarova, H., Dietz, C., & Mayer, F. (2020). Patterns of mtDNA introgression suggest population replacement in Palaearctic whiskered bat species. Royal Society open science, 7(6), 191805.",NA,NA,NA
111,Myotis_mystacinus,NFa,50,NA,NA,Maximum,NA,Number_of_autosomal_arms,NA,NA,NA,NA,NA,Volleth (1987),"Volleth, M. (1987). Differences in the location of nucleolus organizer regions in European vespertilionid bats. Cytogenetic and Genome Research, 44(4), 186-197.",NA,NA,NA
112,Myotis_mystacinus,NF,54,NA,NA,Maximum,NA,Number_of_chromosomal_arms,NA,NA,NA,NA,NA,Volleth (1987),"Volleth, M. (1987). Differences in the location of nucleolus organizer regions in European vespertilionid bats. Cytogenetic and Genome Research, 44(4), 186-197.",NA,NA,NA
113,Myotis_mystacinus,Karyotype,44,NA,NA,Maximum,NA,Number_of_chromosomes,NA,NA,NA,NA,NA,Volleth (1987),"Volleth, M. (1987). Differences in the location of nucleolus organizer regions in European vespertilionid bats. Cytogenetic and Genome Research, 44(4), 186-197.",NA,NA,NA
114,Myotis_nattereri,Hybridization,yes,NA,NA,NA,NA,NA,NA,NA,NA,NA,Italy,Ã‡oraman et al. (2019),"Ã‡oraman, E., Dietz, C., Hempel, E., Ghazaryan, A., Levin, E., Presetnik, P., ... & Mayer, F. (2019). Reticulate evolutionary history of a Western Palaearctic Bat Complex explained by multiple mt DNA introgressions in secondary contacts. Journal of Biogeography, 46(2), 343-354.",NA,NA,NA
115,Myotis_nattereri,GeneticPopulationStructure,3,NA,NA,Maximum,Sequence length bp OR Number of markers: _microsatellites_19,Number_of_sub-populations,NA,NA,NA,NA,Germany,Halczok et al. (2017),"Halczok, T. K., Fischer, K., Gierke, R., Zeus, V., Meier, F., TreÃŸ, C., ... & Kerth, G. (2017). Evidence for genetic variation in Nattererâ€™s bats (Myotis nattereri) across three regions in Germany but no evidence for co-variation with their associated astroviruses. BMC evolutionary biology, 17(1), 1-11.",NA,NA,NA
116,Myotis_nattereri,AllelicRichness,8,0.65,0.08,mean,Sequence length bp OR Number of markers: _microsatellites,Number_of_alleles,NA,NA,NA,NA,UnitedKingdom,Rivers et al. (2005),"Rivers, N. M., Butlin, R. K., & Altringham, J. D. (2005). Genetic population structure of Natterer's bats explained by mating at swarming sites and philopatry. Molecular Ecology, 14(14), 4299-4312.",Range: 6.43-8.71,NA,NA
117,Myotis_nattereri,Linage,2,NA,NA,Maximum,"Sequence_length_bp_OR_Number_of_markers:__Cytb,_ND1,_CR_(1570)",Number_of_genetic_lineages,1570,individual,NA,NA,Europe,Salicini et al. (2013),"Salicini, I., IbÃ¡Ã±ez, C., & Juste, J. (2013). Deep differentiation between and within Mediterranean glacial refugia in a flying mammal, the Myotis nattereri bat complex. Journal of Biogeography, 40(6), 1182-1193.",NA,NA,NA
118,Myotis_nattereri,NFa,52,NA,NA,Maximum,NA,Number_of_autosomal_arms,NA,NA,NA,NA,NA,Zima & KrÃ¡l (1984),"Zima, J. (1984). Karyotypes of European mammals I. Acta Sciences of Nature Brno, 18, 1-51.",NA,NA,NA
119,Myotis_nattereri,NF,56,NA,NA,Maximum,NA,Number_of_chromosomal_arms,NA,NA,NA,NA,NA,Zima & KrÃ¡l (1984),"Zima, J. (1984). Karyotypes of European mammals I. Acta Sciences of Nature Brno, 18, 1-51.",NA,NA,NA
120,Myotis_nattereri,Karyotype,44,NA,NA,Maximum,NA,Number_of_chromosomes,NA,NA,NA,NA,NA,Zima & KrÃ¡l (1984),"Zima, J. (1984). Karyotypes of European mammals I. Acta Sciences of Nature Brno, 18, 1-51.",NA,NA,NA
121,Myotis_punicus,Hybridization,no,NA,NA,NA,NA,NA,NA,NA,NA,NA,NA,Castella et al. (2000),"Castella, V., Ruedi, M., Excoffier, L., IbÃ¡Ã±ez, C., Arlettaz, R., & Hausser, J. (2000). Is the Gibraltar Strait a barrier to gene flow for the bat Myotis myotis (Chiroptera: Vespertilionidae)?. Molecular ecology, 9(11), 1761-1772.",NA,NA,NA
122,Myotis_punicus,Hybridization,no,NA,NA,NA,NA,NA,NA,NA,NA,NA,"Switzerland, Italy",Berthier et al. (2006),"Berthier, P., Excoffier, L., & Ruedi, M. (2006). Recurrent replacement of mtDNA and cryptic hybridization between two sibling bat species Myotis myotis and Myotis blythii. Proceedings of the Royal Society B: Biological Sciences, 273(1605), 3101-3123.",NA,NA,NA
123,Myotis_punicus,Linage,3,NA,NA,Maximum,Sequence_length_bp_OR_Number_of_markers:__CR_(312),Number_of_genetic_lineages,312,individual,NA,NA,full_range,Biollaz et al. (2010),"Biollaz, F., Bruyndonckx, N., Beuneux, G., Mucedda, M., Goudet, J., & Christe, P. (2010). Genetic isolation of insular populations of the Maghrebian bat, Myotis punicus, in the Mediterranean Basin. Journal of Biogeography, 37(8), 1557-1569.",NA,NA,NA
124,Myotis_punicus,GeneticPopulationStructure,3,NA,NA,Maximum,Sequence length bp OR Number of markers: _microsatellites_7,Number_of_sub-populations,NA,NA,NA,NA,full_range,Biollaz et al. (2010),"Biollaz, F., Bruyndonckx, N., Beuneux, G., Mucedda, M., Goudet, J., & Christe, P. (2010). Genetic isolation of insular populations of the Maghrebian bat, Myotis punicus, in the Mediterranean Basin. Journal of Biogeography, 37(8), 1557-1569.",NA,NA,NA
125,Myotis_punicus,AllelicRichness,8,2.2,0.27,mean,Sequence length bp OR Number of markers: _microsatellites,Number_of_alleles,NA,NA,NA,NA,full_range,Biollaz et al. (2010),"Biollaz, F., Bruyndonckx, N., Beuneux, G., Mucedda, M., Goudet, J., & Christe, P. (2010). Genetic isolation of insular populations of the Maghrebian bat, Myotis punicus, in the Mediterranean Basin. Journal of Biogeography, 37(8), 1557-1569.",Range: 5.4-11.7,NA,NA
126,Myotis_punicus,NFa,54,NA,NA,Maximum,NA,Number_of_autosomal_arms,NA,NA,NA,NA,NA,Volleth and Heller (2012),"Volleth, M., & Heller, K. G. (2012). Variations on a theme: karyotype comparison in Eurasian Myotis species and implications for phylogeny. Vespertilio, 16, 329-350.",NA,NA,NA
127,Myotis_punicus,Karyotype,44,NA,NA,Maximum,NA,Number_of_chromosomes,NA,NA,NA,NA,NA,Volleth and Heller (2012),"Volleth, M., & Heller, K. G. (2012). Variations on a theme: karyotype comparison in Eurasian Myotis species and implications for phylogeny. Vespertilio, 16, 329-350.",NA,NA,NA
128,Nyctalus_azoreum,Linage,2,NA,NA,Maximum,Sequence_length_bp_OR_Number_of_markers:__CR_(324),Number_of_genetic_lineages,324,individual,NA,NA,full_range,Boston et al. (2015),"Boston, E. S., Ian Montgomery, W., Hynes, R., & ProdÃ¶hl, P. A. (2015). New insights on postglacial colonization in western Europe: the phylogeography of the Leisler's bat (Nyctalus leisleri). Proceedings of the Royal Society B: Biological Sciences, 282(1804), 20142605.",NA,NA,NA
129,Nyctalus_azoreum,GeneticPopulationStructure,2,NA,NA,Maximum,Sequence length bp OR Number of markers: _microsatellites_7,Number_of_sub-populations,NA,NA,NA,NA,Portugal-Azores,Salgueiro et al. (2008),"Salgueiro, P., Palmeirim, J. M., Ruedi, M., & Coelho, M. M. (2008). Gene flow and population structure of the endemic Azorean bat (Nyctalus azoreum) based on microsatellites: implications for conservation. Conservation Genetics, 9(5), 1163-1171.",NA,NA,NA
130,Nyctalus_azoreum,Karyotype,44,NA,NA,Maximum,NA,Number_of_chromosomes,NA,NA,NA,NA,NA,Volleth (1992),"Volleth, M. (1992). Comparative analysis of the banded karyotypes of the European Nyctalus species (Vespertilionidae, Chiroptera). Prague studies in mammalogy, 221-226.",NA,NA,NA
131,Nyctalus_lasiopterus,Linage,1,NA,NA,Maximum,"Sequence_length_bp_OR_Number_of_markers:__Cytb,_ND1",Number_of_genetic_lineages,NA,NA,NA,NA,NA,Ã‡oraman et al. (2013),"Coraman, E., Furman, A., KarataÅŸ, A., & Bilgin, R. (2013). Phylogeographic analysis of Anatolian bats highlights the importance of the region for preserving the Chiropteran mitochondrial genetic diversity in the Western Palaearctic. Conservation Genetics, 14(6), 1205-1216.",NA,NA,NA
132,Nyctalus_lasiopterus,Karyotype,44,NA,NA,Maximum,NA,Number_of_chromosomes,NA,NA,NA,NA,NA,Volleth (1992),"Volleth, M. (1992). Comparative analysis of the banded karyotypes of the European Nyctalus species (Vespertilionidae, Chiroptera). Prague studies in mammalogy, 221-226.",NA,NA,NA
133,Nyctalus_lasiopterus,NFa,50,NA,NA,Maximum,NA,Number_of_autosomal_arms,NA,NA,NA,NA,NA,Zima & HorÃ¡Äek (1985),"Zima, J. (1985). Synopsis of karyotypes of vespertilionid bats (Mammalia: Chiroptera). Acta Univ. Carol. Biol., 1981, 311-329.",NA,NA,NA
134,Nyctalus_lasiopterus,NF,54,NA,NA,Maximum,NA,Number_of_chromosomal_arms,NA,NA,NA,NA,NA,Zima & HorÃ¡Äek (1985),"Zima, J. (1985). Synopsis of karyotypes of vespertilionid bats (Mammalia: Chiroptera). Acta Univ. Carol. Biol., 1981, 311-329.",NA,NA,NA
135,Nyctalus_lasiopterus,Karyotype,42,NA,NA,Maximum,NA,Number_of_chromosomes,NA,NA,NA,NA,NA,Zima & HorÃ¡Äek (1985),"Zima, J. (1985). Synopsis of karyotypes of vespertilionid bats (Mammalia: Chiroptera). Acta Univ. Carol. Biol., 1981, 311-329.",NA,NA,NA
136,Nyctalus_leisleri,Linage,2,NA,NA,Maximum,"Sequence_length_bp_OR_Number_of_markers:__Cytb,_ND1",Number_of_genetic_lineages,NA,NA,NA,NA,NA,Ã‡oraman et al. (2013),"Coraman, E., Furman, A., KarataÅŸ, A., & Bilgin, R. (2013). Phylogeographic analysis of Anatolian bats highlights the importance of the region for preserving the Chiropteran mitochondrial genetic diversity in the Western Palaearctic. Conservation Genetics, 14(6), 1205-1216.",NA,NA,NA
138,Nyctalus_leisleri,NFa,50,NA,NA,Maximum,NA,Number_of_autosomal_arms,NA,NA,NA,NA,NA,Zima & HorÃ¡Äek (1985),"Zima, J. (1985). Synopsis of karyotypes of vespertilionid bats (Mammalia: Chiroptera). Acta Univ. Carol. Biol., 1981, 311-329.",NA,NA,NA
139,Nyctalus_leisleri,NF,54,NA,NA,Maximum,NA,Number_of_chromosomal_arms,NA,NA,NA,NA,NA,Zima & HorÃ¡Äek (1985),"Zima, J. (1985). Synopsis of karyotypes of vespertilionid bats (Mammalia: Chiroptera). Acta Univ. Carol. Biol., 1981, 311-329.",NA,NA,NA
140,Nyctalus_leisleri,Karyotype,44,NA,NA,Maximum,NA,Number_of_chromosomes,NA,NA,NA,NA,NA,Zima & HorÃ¡Äek (1985),"Zima, J. (1985). Synopsis of karyotypes of vespertilionid bats (Mammalia: Chiroptera). Acta Univ. Carol. Biol., 1981, 311-329.",NA,NA,NA
141,Nyctalus_noctula,NFa,50,NA,NA,Maximum,NA,Number_of_autosomal_arms,NA,NA,NA,NA,NA,KarataÅŸ & SÃ¶zen (2007),"KarataÅŸ, A., & SÃ¶zen, M. (2007). Karyology of three vespertilionid bats (Chiroptera: Vespertilionidae) from Turkey. Acta Zoologica Academiae Scientiarum Hungaricae, 53(2), 185-192.",NA,NA,NA
142,Nyctalus_noctula,NF,54,NA,NA,Maximum,NA,Number_of_chromosomal_arms,NA,NA,NA,NA,NA,KarataÅŸ & SÃ¶zen (2007),"KarataÅŸ, A., & SÃ¶zen, M. (2007). Karyology of three vespertilionid bats (Chiroptera: Vespertilionidae) from Turkey. Acta Zoologica Academiae Scientiarum Hungaricae, 53(2), 185-192.",NA,NA,NA
143,Nyctalus_noctula,Karyotype,42,NA,NA,Maximum,NA,Number_of_chromosomes,NA,NA,NA,NA,NA,KarataÅŸ & SÃ¶zen (2007),"KarataÅŸ, A., & SÃ¶zen, M. (2007). Karyology of three vespertilionid bats (Chiroptera: Vespertilionidae) from Turkey. Acta Zoologica Academiae Scientiarum Hungaricae, 53(2), 185-192.",NA,NA,NA
144,Nyctalus_noctula,Linage,3,NA,NA,Maximum,"Sequence_length_bp_OR_Number_of_markers:__CR,_ND1_(1245)",Number_of_genetic_lineages,1245,individual,NA,NA,Europe,Petit et al. (1999),"Petit, E., Excoffier, L., & Mayer, F. (1999). No evidence of bottleneck in the postglacial recolonization of Europe by the noctule bat (Nyctalus noctula). Evolution, 53(4), 1247-1258.",NA,NA,NA
145,Nyctalus_noctula,CompleteMitochondrialGenome(bp),17478,NA,NA,Maximum,NA,base_pairs,NA,NA,NA,NA,NA,Qian et al. (2016),"Qian, K., Yu, D., Cheng, H., Storey, K. B., & Zhang, J. (2016). The complete mitochondrial genome of Nyctalus noctula (Chiroptera: Vespertilionidae). Mitochondrial DNA Part A, 27(4), 2365-2366.",NA,NA,NA
146,Pipistrellus_kuhlii,GeneticPopulationStructure,3,NA,NA,Maximum,Sequence length bp OR Number of markers: _microsatellites_5,Number_of_sub-populations,NA,NA,NA,NA,"Europe, North_africa",Andriollo et al. (2015),"Andriollo, T., Naciri, Y., & Ruedi, M. (2015). Two mitochondrial barcodes for one biological species: The case of European Kuhl's Pipistrelles (Chiroptera). PloS one, 10(8), e0134881.",NA,NA,NA
147,Pipistrellus_kuhlii,AllelicRichness,10,4.2,0.41,mean,Sequence length bp OR Number of markers: _microsatellites,Number_of_alleles,NA,NA,NA,NA,"Europe, North_africa",Andriollo et al. (2015),"Andriollo, T., Naciri, Y., & Ruedi, M. (2015). Two mitochondrial barcodes for one biological species: The case of European Kuhl's Pipistrelles (Chiroptera). PloS one, 10(8), e0134881.",Range: 7.27-13.29,NA,NA
148,Pipistrellus_kuhlii,Linage,3,NA,NA,Maximum,"Sequence_length_bp_OR_Number_of_markers:__Cytb,_ND1",Number_of_genetic_lineages,NA,NA,NA,NA,full_range,Bray et al. (2013),"Bray, T. C., Mohammed, O. B., & Alagaili, A. N. (2013). Phylogenetic and demographic insights into Kuhlâ€™s Pipistrelle, Pipistrellus kuhlii, in the Middle East. PloS one, 8(2), e57306.",NA,NA,NA
149,Pipistrellus_kuhlii,Linage,3,NA,NA,Maximum,"Sequence_length_bp_OR_Number_of_markers:__Cytb,_ND1",Number_of_genetic_lineages,NA,NA,NA,NA,full_range,Ã‡oraman et al. (2013),"Coraman, E., Furman, A., KarataÅŸ, A., & Bilgin, R. (2013). Phylogeographic analysis of Anatolian bats highlights the importance of the region for preserving the Chiropteran mitochondrial genetic diversity in the Western Palaearctic. Conservation Genetics, 14(6), 1205-1216.",NA,NA,NA
150,Pipistrellus_kuhlii,GenomeSize_(Gb),2,NA,NA,Maximum,NA,Giga_base_pairs,NA,NA,NA,NA,NA,Jebb et al. (2020),"Jebb, D., Huang, Z., Pippel, M., Hughes, G. M., Lavrichenko, K., Devanna, P., ... & Teeling, E. C. (2020). Six reference-quality genomes reveal evolution of bat adaptations. Nature, 583(7817), 578-584.",NA,NA,NA
151,Pipistrellus_kuhlii,CompleteMitochondrialGenome(bp),16991,NA,NA,Maximum,NA,base_pairs,NA,NA,NA,NA,NA,Locatelli et al. (2016),"Locatelli, A. G., Jebb, D., & Teeling, E. C. (2016). The complete mitochondrial genome of Kuhlâ€™s pipistrelle, Pipistrellus kuhlii (Chiroptera: Vespertilionidae). Mitochondrial DNA Part B, 1(1), 423-424.",NA,NA,NA
152,Pipistrellus_kuhlii,NF,50,NA,NA,Maximum,NA,Number_of_chromosomal_arms,NA,NA,NA,NA,NA,Oâ€™Brien et al. (2006),"O'Brien, S. J., Menninger, J. C., & Nash, W. G. (Eds.). (2006). Atlas of mammalian chromosomes. John Wiley & Sons.",NA,NA,NA
153,Pipistrellus_kuhlii,NFa,54,NA,NA,Maximum,NA,Number_of_autosomal_arms,NA,NA,NA,NA,NA,Oâ€™Brien et al. (2006),"O'Brien, S. J., Menninger, J. C., & Nash, W. G. (Eds.). (2006). Atlas of mammalian chromosomes. John Wiley & Sons.",NA,NA,NA
154,Pipistrellus_kuhlii,Karyotype,44,NA,NA,Maximum,NA,Number_of_chromosomes,NA,NA,NA,NA,NA,Oâ€™Brien et al. (2006),"O'Brien, S. J., Menninger, J. C., & Nash, W. G. (Eds.). (2006). Atlas of mammalian chromosomes. John Wiley & Sons.",NA,NA,NA
155,Pipistrellus_maderensis,Linage,4,NA,NA,Maximum,Sequence_length_bp_OR_Number_of_markers:__Cytb_(748),Number_of_genetic_lineages,748,individual,NA,NA,full_range,Pestano et al. (2003)/Jesus et al. (2013),"Pestano, J., Brown, R. P., SuÃ¡rez, N. M., & Fajardo, S. (2003). Phylogeography of pipistrelle-like bats within the Canary Islands, based on mtDNA sequences. Molecular Phylogenetics and Evolution, 26(1), 56-63. & Jesus, J., Teixeira, S., Freitas, T., Teixeira, D., & Brehm, A. (2013). Genetic identity of Pipistrellus maderensis from the Madeira archipelago: a first assessment, and implications for conservation. Hystrix, 24(2), 177-180.",NA,NA,NA
156,Pipistrellus_nathusii,Linage,4,NA,NA,Maximum,Sequence_length_bp_OR_Number_of_markers:__CR_(450),Number_of_genetic_lineages,450,individual,NA,NA,"Lithuania, Poland, Netherlands",Jarzembowski et al. (2004),"Jarzembowski, T., Naumiuk, Å., & Ciechanowski, M. (2004). Control region variability of the mitochondrial DNA of Pipistrellus nathusii (Chiroptera, Vespertilionidae): First results of a population genetic study.",NA,NA,NA
157,Pipistrellus_nathusii,NFa,50,NA,NA,Maximum,NA,Number_of_autosomal_arms,NA,NA,NA,NA,NA,Zima & KrÃ¡l (1984),"Zima, J. (1984). Karyotypes of European mammals I. Acta Sciences of Nature Brno, 18, 1-51.",NA,NA,NA
158,Pipistrellus_nathusii,NF,54,NA,NA,Maximum,NA,Number_of_chromosomal_arms,NA,NA,NA,NA,NA,Zima & KrÃ¡l (1984),"Zima, J. (1984). Karyotypes of European mammals I. Acta Sciences of Nature Brno, 18, 1-51.",NA,NA,NA
159,Pipistrellus_nathusii,Karyotype,44,NA,NA,Maximum,NA,Number_of_chromosomes,NA,NA,NA,NA,NA,Zima & KrÃ¡l (1984),"Zima, J. (1984). Karyotypes of European mammals I. Acta Sciences of Nature Brno, 18, 1-51.",NA,NA,NA
160,Pipistrellus_pipistrellus,Linage,5,NA,NA,Maximum,Sequence_length_bp_OR_Number_of_markers:__CR_(283),Number_of_genetic_lineages,283,individual,NA,NA,full_range,Boston et al. (2014),"Boston, E. S., Puechmaille, S. J., Clissmann, F., & Teeling, E. C. (2014). Further evidence for cryptic north-western refugia in Europe? Mitochondrial phylogeography of the sibling species Pipistrellus pipistrellus and Pipistrellus pygmaeus. Acta Chiropterologica, 16(2), 263-277.",NA,NA,NA
161,Pipistrellus_pipistrellus,AllelicRichness,9,0.28,0.03,mean,Sequence length bp OR Number of markers: _microsatellites,Number_of_alleles,NA,NA,NA,NA,"Czech-Republic, Slovakia, Germany",Bryja et al. (2009),"Bryja, J., KaÅˆuch, P., FornÅ¯skovÃ¡, A., BartoniÄka, T., & Å˜ehÃ¡k, Z. (2009). Low population genetic structuring of two cryptic bat species suggests their migratory behaviour in continental Europe. Biological Journal of the Linnean Society, 96(1), 103-114.",8.07-8.91,NA,NA
162,Pipistrellus_pipistrellus,GenomeSize_(Gb),2,NA,NA,Maximum,NA,Giga_base_pairs,NA,NA,NA,NA,NA,https://vgp.github.io/genomeark/Pipistrellus_pipistrellus/,https://vgp.github.io/genomeark/Pipistrellus_pipistrellus/,NA,NA,NA
163,Pipistrellus_pipistrellus,GeneticPopulationStructure,3,NA,NA,Maximum,Sequence length bp OR Number of markers: _microsatellites_11,Number_of_sub-populations,NA,NA,NA,NA,full_range,Hulva et al. (2010),"Hulva, P., FornÅ¯skovÃ¡, A., ChudÃ¡rkovÃ¡, A., Evin, A., Allegrini, B., Benda, P., & Bryja, J. (2010). Mechanisms of radiation in a bat group from the genus Pipistrellus inferred by phylogeography, demography and population genetics. Molecular Ecology, 19(24), 5417-5431.",NA,NA,NA
167,Pipistrellus_pipistrellus,Hybridization,Possible,NA,NA,NA,NA,NA,NA,NA,NA,NA,Poland,Sztencel-JabÅ‚onka & Bogdanowicz (2012),"Sztencel-JabÅ‚onka, A., & Bogdanowicz, W. (2012). Population genetics study of common (Pipistrellus pipistrellus) and soprano (Pipistrellus pygmaeus) pipistrelle bats from central Europe suggests interspecific hybridization. Canadian Journal of Zoology, 90(10), 1251-1260.",NA,NA,NA
170,Pipistrellus_pygmaeus,Linage,1,NA,NA,Maximum,Sequence_length_bp_OR_Number_of_markers:__CR_(283),Number_of_genetic_lineages,283,individual,NA,NA,full_range,Boston et al. (2014),"Boston, E. S., Puechmaille, S. J., Clissmann, F., & Teeling, E. C. (2014). Further evidence for cryptic north-western refugia in Europe? Mitochondrial phylogeography of the sibling species Pipistrellus pipistrellus and Pipistrellus pygmaeus. Acta Chiropterologica, 16(2), 263-277.",NA,NA,NA
171,Pipistrellus_pygmaeus,AllelicRichness,8,0.38,0.05,mean,Sequence length bp OR Number of markers: _microsatellites,Number_of_alleles,NA,NA,NA,NA,"Czech-Republic, Slovakia, Germany",Bryja et al. (2009),"Bryja, J., KaÅˆuch, P., FornÅ¯skovÃ¡, A., BartoniÄka, T., & Å˜ehÃ¡k, Z. (2009). Low population genetic structuring of two cryptic bat species suggests their migratory behaviour in continental Europe. Biological Journal of the Linnean Society, 96(1), 103-114.",Range: 7.2-8.32,NA,NA
172,Pipistrellus_pygmaeus,GeneticPopulationStructure,2,NA,NA,Maximum,Sequence length bp OR Number of markers: _microsatellites_11,Number_of_sub-populations,NA,NA,NA,NA,full_range,Hulva et al. (2010),"Hulva, P., FornÅ¯skovÃ¡, A., ChudÃ¡rkovÃ¡, A., Evin, A., Allegrini, B., Benda, P., & Bryja, J. (2010). Mechanisms of radiation in a bat group from the genus Pipistrellus inferred by phylogeography, demography and population genetics. Molecular Ecology, 19(24), 5417-5431.",NA,NA,NA
173,Pipistrellus_pygmaeus,Hybridization,Possible,NA,NA,NA,NA,NA,NA,NA,NA,NA,Poland,Sztencel-JabÅ‚onka & Bogdanowicz (2012),"Sztencel-JabÅ‚onka, A., & Bogdanowicz, W. (2012). Population genetics study of common (Pipistrellus pipistrellus) and soprano (Pipistrellus pygmaeus) pipistrelle bats from central Europe suggests interspecific hybridization. Canadian Journal of Zoology, 90(10), 1251-1260.",NA,Unrealistic high rate,NA
174,Pipistrellus_pygmaeus,Karyotype,44,NA,NA,Maximum,NA,Number_of_chromosomes,NA,NA,NA,NA,NA,Volleth et al. (2002),"Volleth, M., Heller, K. G., Pfeiffer, R. A., & Hameister, H. (2002). A comparative ZOO-FISH analysis in bats elucidates the phylogenetic relationships between Megachiroptera and five microchiropteran families. Chromosome Research, 10(6), 477-497.",NA,NA,NA
175,Plecotus_auritus,GeneticPopulationStructure,1,NA,NA,Maximum,Sequence length bp OR Number of markers: _microsatellites_15,Number_of_sub-populations,NA,NA,NA,NA,"France, Italy, Germany, Switzerland",Andriollo et al. (2018),"Andriollo, T., Ashrafi, S., Arlettaz, R., & Ruedi, M. (2018). Porous barriers? Assessment of gene flow within and among sympatric longâ€eared bat species. Ecology and evolution, 8(24), 12841-12854.",NA,NA,NA
176,Plecotus_auritus,AllelicRichness,9,1.8,0.21,mean,Sequence length bp OR Number of markers: _microsatellites,Number_of_alleles,NA,NA,NA,NA,"France, Italy, Germany, Switzerland",Andriollo et al. (2018),"Andriollo, T., Ashrafi, S., Arlettaz, R., & Ruedi, M. (2018). Porous barriers? Assessment of gene flow within and among sympatric longâ€eared bat species. Ecology and evolution, 8(24), 12841-12854.",Range: 5.1-10.9,NA,NA
177,Plecotus_auritus,Hybridization,no,NA,NA,NA,NA,NA,NA,NA,NA,NA,NA,Andriollo et al. (2018),"Andriollo, T., Ashrafi, S., Arlettaz, R., & Ruedi, M. (2018). Porous barriers? Assessment of gene flow within and among sympatric longâ€eared bat species. Ecology and evolution, 8(24), 12841-12854.",NA,NA,NA
178,Plecotus_auritus,NF,54,NA,NA,Maximum,NA,Number_of_chromosomal_arms,NA,NA,NA,NA,NA,Kulemzina et al. (2011),"Kulemzina, A. I., Nie, W., Trifonov, V. A., Staroselec, Y., Vasenkov, D. A., Volleth, M., ... & Graphodatsky, A. S. (2011). Comparative chromosome painting of four Siberian Vespertilionidae species with Aselliscus stoliczkanus and human probes. Cytogenetic and Genome Research, 134(3), 200-205.",NA,NA,NA
179,Plecotus_auritus,NFa,50,NA,NA,Maximum,NA,Number_of_autosomal_arms,NA,NA,NA,NA,NA,Kulemzina et al. (2011),"Kulemzina, A. I., Nie, W., Trifonov, V. A., Staroselec, Y., Vasenkov, D. A., Volleth, M., ... & Graphodatsky, A. S. (2011). Comparative chromosome painting of four Siberian Vespertilionidae species with Aselliscus stoliczkanus and human probes. Cytogenetic and Genome Research, 134(3), 200-205.",NA,NA,NA
180,Plecotus_auritus,Karyotype,32,NA,NA,Maximum,NA,Number_of_chromosomes,NA,NA,NA,NA,NA,Kulemzina et al. (2011),"Kulemzina, A. I., Nie, W., Trifonov, V. A., Staroselec, Y., Vasenkov, D. A., Volleth, M., ... & Graphodatsky, A. S. (2011). Comparative chromosome painting of four Siberian Vespertilionidae species with Aselliscus stoliczkanus and human probes. Cytogenetic and Genome Research, 134(3), 200-205.",NA,NA,NA
181,Plecotus_auritus,CompleteMitochondrialGenome(bp),16900,NA,NA,Maximum,NA,base_pairs,NA,NA,NA,NA,NA,unpublished,unpublished,NA,NA,NA
182,Plecotus_auritus,Linage,4,NA,NA,Maximum,Sequence_length_bp_OR_Number_of_markers:__CR_(240),Number_of_genetic_lineages,240,individual,NA,NA,full_range,Spitzenberger et al. (2006),"Spitzenberger, F., Strelkov, P. P., Winkler, H., & Haring, E. (2006). A preliminary revision of the genus Plecotus (Chiroptera, Vespertilionidae) based on genetic and morphological results. Zoologica Scripta, 35(3), 187-230.",NA,NA,NA
183,Plecotus_austriacus,Hybridization,no,NA,NA,NA,NA,NA,NA,NA,NA,NA,NA,Andriollo et al. (2018),"Andriollo, T., Ashrafi, S., Arlettaz, R., & Ruedi, M. (2018). Porous barriers? Assessment of gene flow within and among sympatric longâ€eared bat species. Ecology and evolution, 8(24), 12841-12854.",NA,NA,NA
184,Plecotus_austriacus,Linage,2,NA,NA,Maximum,Sequence_length_bp_OR_Number_of_markers:__Cytb_(747),Number_of_genetic_lineages,747,individual,NA,NA,full_range,Razgour et al. (2013),"Razgour, O., Juste, J., IbÃ¡Ã±ez, C., Kiefer, A., Rebelo, H., Puechmaille, S.J., Arlettaz, R., Burke, T., Dawson, D.A., Beaumont, M. and Jones, G., (2013). The shaping of genetic variation in edgeâ€ofâ€range populations under past and future climate change. Ecology Letters, 16: 1258-1266.",NA,NA,NA
185,Plecotus_austriacus,GeneticPopulationStructure,7,NA,NA,Maximum,Sequence length bp OR Number of markers: _microsatellites_23,Number_of_sub-populations,NA,NA,NA,NA,full_range,Razgour et al. (2013),"Razgour, O., Juste, J., IbÃ¡Ã±ez, C., Kiefer, A., Rebelo, H., Puechmaille, S.J., Arlettaz, R., Burke, T., Dawson, D.A., Beaumont, M. and Jones, G., (2013). The shaping of genetic variation in edgeâ€ofâ€range populations under past and future climate change. Ecology Letters, 16: 1258-1266.",NA,NA,NA
186,Plecotus_austriacus,AllelicRichness,5,0.48,0.09,mean,Sequence length bp OR Number of markers: _microsatellites,Number_of_alleles,NA,NA,NA,NA,full_range,Razgour et al. (2013),"Razgour, O., Juste, J., IbÃ¡Ã±ez, C., Kiefer, A., Rebelo, H., Puechmaille, S.J., Arlettaz, R., Burke, T., Dawson, D.A., Beaumont, M. and Jones, G., (2013). The shaping of genetic variation in edgeâ€ofâ€range populations under past and future climate change. Ecology Letters, 16: 1258-1266.",Range: 4.89-6.23,NA,NA
187,Plecotus_austriacus,NF,54,NA,NA,Maximum,NA,Number_of_chromosomal_arms,NA,NA,NA,NA,NA,Zima & KrÃ¡l (1984),"Zima, J. (1984). Karyotypes of European mammals I. Acta Sciences of Nature Brno, 18, 1-51.",NA,NA,NA
188,Plecotus_austriacus,NFa,50,NA,NA,Maximum,NA,Number_of_autosomal_arms,NA,NA,NA,NA,NA,Zima & KrÃ¡l (1984),"Zima, J. (1984). Karyotypes of European mammals I. Acta Sciences of Nature Brno, 18, 1-51.",NA,NA,NA
189,Plecotus_austriacus,Karyotype,32,NA,NA,Maximum,NA,Number_of_chromosomes,NA,NA,NA,NA,NA,Zima & KrÃ¡l (1984),"Zima, J. (1984). Karyotypes of European mammals I. Acta Sciences of Nature Brno, 18, 1-51.",NA,NA,NA
190,Plecotus_kolombatovici,Linage,2,NA,NA,Maximum,"Sequence_length_bp_OR_Number_of_markers:__Cytb,_ND1",Number_of_genetic_lineages,NA,NA,NA,NA,full_range,Ã‡oraman et al. (2013),"Coraman, E., Furman, A., KarataÅŸ, A., & Bilgin, R. (2013). Phylogeographic analysis of Anatolian bats highlights the importance of the region for preserving the Chiropteran mitochondrial genetic diversity in the Western Palaearctic. Conservation Genetics, 14(6), 1205-1216.",NA,NA,NA
191,Plecotus_kolombatovici,NF,54,NA,NA,Maximum,NA,Number_of_chromosomal_arms,NA,NA,NA,NA,NA,KarataÅŸ et al. (2003b),"KarataÅŸ, A., YiÄŸit, N., Ã‡olak, E., & KankiliÃ§, T. (2003). On the distribution, taxonomy and karyology of the genus Plecotus (Chiroptera: Vespertilionidae) in Turkey. Turkish Journal of Zoology, 27(4), 293-300.",NA,NA,NA
192,Plecotus_kolombatovici,NFa,50,NA,NA,Maximum,NA,Number_of_autosomal_arms,NA,NA,NA,NA,NA,KarataÅŸ et al. (2003b),"KarataÅŸ, A., YiÄŸit, N., Ã‡olak, E., & KankiliÃ§, T. (2003). On the distribution, taxonomy and karyology of the genus Plecotus (Chiroptera: Vespertilionidae) in Turkey. Turkish Journal of Zoology, 27(4), 293-300.",NA,NA,NA
193,Plecotus_kolombatovici,Karyotype,32,NA,NA,Maximum,NA,Number_of_chromosomes,NA,NA,NA,NA,NA,KarataÅŸ et al. (2003b),"KarataÅŸ, A., YiÄŸit, N., Ã‡olak, E., & KankiliÃ§, T. (2003). On the distribution, taxonomy and karyology of the genus Plecotus (Chiroptera: Vespertilionidae) in Turkey. Turkish Journal of Zoology, 27(4), 293-300.",NA,NA,NA
194,Plecotus_macrobullaris,Linage,4,NA,NA,Maximum,Sequence_length_bp_OR_Number_of_markers:__complete_mitogenome_(16830),Number_of_genetic_lineages,16830,individual,NA,NA,full_range,Alberdi et al. (2015),"Alberdi, A., Gilbert, M. T. P., Razgour, O., Aizpurua, O., Aihartza, J., & Garin, I. (2015). Contrasting populationâ€level responses to Pleistocene climatic oscillations in an alpine bat revealed by complete mitochondrial genomes and evolutionary history inference. Journal of Biogeography, 42(9), 1689-1700.",NA,NA,NA
195,Plecotus_macrobullaris,CompleteMitochondrialGenome(bp),16830,NA,NA,Maximum,NA,base_pairs,NA,NA,NA,NA,NA,Alberdi et al. (2015),"Alberdi, A., Gilbert, M. T. P., Razgour, O., Aizpurua, O., Aihartza, J., & Garin, I. (2015). Contrasting populationâ€level responses to Pleistocene climatic oscillations in an alpine bat revealed by complete mitochondrial genomes and evolutionary history inference. Journal of Biogeography, 42(9), 1689-1700.",NA,NA,NA
196,Plecotus_macrobullaris,GeneticPopulationStructure,3,NA,NA,Maximum,Sequence length bp OR Number of markers: _microsatellites_17,Number_of_sub-populations,NA,NA,NA,NA,"France, Italy, Germany, Switzerland",Andriollo et al. (2018),"Andriollo, T., Ashrafi, S., Arlettaz, R., & Ruedi, M. (2018). Porous barriers? Assessment of gene flow within and among sympatric longâ€eared bat species. Ecology and evolution, 8(24), 12841-12854.",NA,NA,NA
197,Plecotus_macrobullaris,AllelicRichness,5,0.32,0.06,mean,Sequence length bp OR Number of markers: _microsatellites,Number_of_alleles,NA,NA,NA,NA,"France, Italy, Germany, Switzerland",Andriollo et al. (2018),"Andriollo, T., Ashrafi, S., Arlettaz, R., & Ruedi, M. (2018). Porous barriers? Assessment of gene flow within and among sympatric longâ€eared bat species. Ecology and evolution, 8(24), 12841-12854.",Range: 5.0-5.8,NA,NA
198,Plecotus_macrobullaris,Hybridization,no,NA,NA,NA,NA,NA,NA,NA,NA,NA,NA,Andriollo et al. (2018),"Andriollo, T., Ashrafi, S., Arlettaz, R., & Ruedi, M. (2018). Porous barriers? Assessment of gene flow within and among sympatric longâ€eared bat species. Ecology and evolution, 8(24), 12841-12854.",NA,NA,NA
199,Plecotus_macrobullaris,NF,54,NA,NA,Maximum,NA,Number_of_chromosomal_arms,NA,NA,NA,NA,NA,KarataÅŸ et al. (2003b),"KarataÅŸ, A., YiÄŸit, N., Ã‡olak, E., & KankiliÃ§, T. (2003). On the distribution, taxonomy and karyology of the genus Plecotus (Chiroptera: Vespertilionidae) in Turkey. Turkish Journal of Zoology, 27(4), 293-300.",NA,NA,NA
200,Plecotus_macrobullaris,NFa,50,NA,NA,Maximum,NA,Number_of_autosomal_arms,NA,NA,NA,NA,NA,KarataÅŸ et al. (2003b),"KarataÅŸ, A., YiÄŸit, N., Ã‡olak, E., & KankiliÃ§, T. (2003). On the distribution, taxonomy and karyology of the genus Plecotus (Chiroptera: Vespertilionidae) in Turkey. Turkish Journal of Zoology, 27(4), 293-300.",NA,NA,NA
201,Plecotus_macrobullaris,Karyotype,32,NA,NA,Maximum,NA,Number_of_chromosomes,NA,NA,NA,NA,NA,KarataÅŸ et al. (2003b),"KarataÅŸ, A., YiÄŸit, N., Ã‡olak, E., & KankiliÃ§, T. (2003). On the distribution, taxonomy and karyology of the genus Plecotus (Chiroptera: Vespertilionidae) in Turkey. Turkish Journal of Zoology, 27(4), 293-300.",NA,NA,NA
202,Plecotus_sardus,Linage,2,NA,NA,Maximum,Sequence_length_bp_OR_Number_of_markers:__16S_(555),Number_of_genetic_lineages,555,individual,NA,NA,full_range,Mucedda et al. (2002),"Mucedda, M., Kiefer, A., Pidinchedda, E., & Veith, M. (2002). A new species of long-eared bat (Chiroptera, Vespertilionidae) from Sardinia (Italy). Acta Chiropterologica, 4(2), 121-135.",NA,NA,NA
203,Plecotus_teneriffae,Linage,2,NA,NA,Maximum,Sequence_length_bp_OR_Number_of_markers:__Cytb_(680),Number_of_genetic_lineages,680,individual,NA,NA,full_range,Juste et al. (2004),"Juste, J., IbÃ¡Ã±ez, C., MuÃ±oz, J., Trujillo, D., Benda, P., KarataÅŸ, A., & Ruedi, M. (2004). Mitochondrial phylogeography of the long-eared bats (Plecotus) in the Mediterranean Palaearctic and Atlantic Islands. Molecular Phylogenetics and Evolution, 31(3), 1114-1126.",NA,NA,NA
204,Rhinolophus_blasii,Linage,1,NA,NA,Maximum,"Sequence_length_bp_OR_Number_of_markers:__Cytb,_ND1",Number_of_genetic_lineages,NA,NA,NA,NA,"Turkey, Greece",Ã‡oraman et al. (2013),"Coraman, E., Furman, A., KarataÅŸ, A., & Bilgin, R. (2013). Phylogeographic analysis of Anatolian bats highlights the importance of the region for preserving the Chiropteran mitochondrial genetic diversity in the Western Palaearctic. Conservation Genetics, 14(6), 1205-1216.",NA,NA,NA
208,Rhinolophus_euryale,GeneticPopulationStructure,3,NA,NA,Maximum,Sequence length bp OR Number of markers: _microsatellites_8,Number_of_sub-populations,NA,NA,NA,NA,Balkans,Budinski et al. (2019),"Budinski, I., BlagojeviÄ‡, J., JovanoviÄ‡, V. M., PejiÄ‡, B., AdnaÄ‘eviÄ‡, T., PaunoviÄ‡, M., & VujoÅ¡eviÄ‡, M. (2019). Population genetic structure of the Mediterranean horseshoe bat Rhinolophus euryale in the central Balkans. PloS one, 14(1), e0210321.",NA,NA,NA
209,Rhinolophus_euryale,AllelicRichness,5,1.2,0.23,mean,Sequence length bp OR Number of markers: _microsatellites,Number_of_alleles,NA,NA,NA,NA,Balkans,Budinski et al. (2019),"Budinski, I., BlagojeviÄ‡, J., JovanoviÄ‡, V. M., PejiÄ‡, B., AdnaÄ‘eviÄ‡, T., PaunoviÄ‡, M., & VujoÅ¡eviÄ‡, M. (2019). Population genetic structure of the Mediterranean horseshoe bat Rhinolophus euryale in the central Balkans. PloS one, 14(1), e0210321.",Range: 4.03-7.25,NA,NA
212,Rhinolophus_euryale,Linage,3,NA,NA,Maximum,"Sequence_length_bp_OR_Number_of_markers:__CR,_Cytb_(1280)",Number_of_genetic_lineages,NA,NA,NA,NA,full_range,Najafi et al. (2019a),"Najafi, N., Akmali, V., & Sharifi, M. (2019). Historical explanation of genetic variation in the Mediterranean horseshoe bat Rhinolophus euryale (Chiroptera: Rhinolophidae) inferred from mitochondrial cytochrome-b and D-loop genes in Iran. Mitochondrial DNA Part A, 30(1), 135-147.",NA,NA,NA
213,Rhinolophus_euryale,Karyotype,58,NA,NA,Maximum,NA,Number_of_chromosomes,NA,NA,NA,NA,NA,Zima et al. (1992),"Zima, J., Volleth, M., HorÃ¡cek, I., Cerveny, J., Cervena, A., Prucha, K., & Macholan, M. (1992). Comparative karyology of rhinolophid bats (Chiroptera: Rhinolophidae). Prague Studies in Mammalogy (eds HorÃ¡cek I & Vohralik V), 229-236.",NA,NA,NA
214,Rhinolophus_ferrumequinum,Linage,5,NA,NA,Maximum,Sequence_length_bp_OR_Number_of_markers:__ND2_(1098),Number_of_genetic_lineages,NA,NA,NA,NA,full_range,Flanders et al. (2009),"Flanders, J. O. N., Jones, G., Benda, P., Dietz, C., Zhang, S., Li, G., ... & Rossiter, S. J. (2009). Phylogeography of the greater horseshoe bat, Rhinolophus ferrumequinum: contrasting results from mitochondrial and microsatellite data. Molecular Ecology, 18(2), 306-318.",NA,NA,NA
215,Rhinolophus_ferrumequinum,GeneticPopulationStructure,9,NA,NA,Maximum,Sequence length bp OR Number of markers: _microsatellites_17,Number_of_sub-populations,NA,NA,NA,NA,full_range,Flanders et al. (2009),"Flanders, J. O. N., Jones, G., Benda, P., Dietz, C., Zhang, S., Li, G., ... & Rossiter, S. J. (2009). Phylogeography of the greater horseshoe bat, Rhinolophus ferrumequinum: contrasting results from mitochondrial and microsatellite data. Molecular Ecology, 18(2), 306-318.",NA,NA,NA
219,Rhinolophus_ferrumequinum,GenomeSize_(Gb),2,NA,NA,Maximum,NA,Giga_base_pairs,NA,NA,NA,NA,NA,"Parker et al., (2013)","Parker, J., Tsagkogeorga, G., Cotton, J. A., Liu, Y., Provero, P., Stupka, E., & Rossiter, S. J. (2013). Genome-wide signatures of convergent evolution in echolocating mammals. Nature, 502(7470), 228-231.",NA,NA,NA
220,Rhinolophus_ferrumequinum,AllelicRichness,,NA,NA,mean,Sequence length bp OR Number of markers: _microsatellites,Number_of_alleles,NA,NA,NA,NA,full_range,Rossiter et al. (2007),"Rossiter, S. J., Benda, P., Dietz, C., Zhang, S., & Jones, G. (2007). Rangewide phylogeography in the greater horseshoe bat inferred from microsatellites: implications for population history, taxonomy and conservation. Molecular Ecology, 16(22), 4699-4714.",Range: 2.83-5.35,NA,NA
221,Rhinolophus_hipposideros,Karyotype,56,NA,NA,Maximum,NA,Number_of_chromosomes,NA,NA,NA,NA,Bulgaria,Belcheva et al. (1990),"Belcheva, R. G., Topashkaancheva, M., & Bisserkov, V. (1990). Karyological studies of Rhinolophus ferrumequinum and Rhinolophus hipposideros (Rhinolophidae, Chiroptera) from Bulgaria. Dokladi Na Bolgarskata Akademiya Na Naukite, 43(2), 81-83.",NA,NA,NA
222,Rhinolophus_hipposideros,Linage,8,NA,NA,Maximum,"Sequence_length_bp_OR_Number_of_markers:__Cytb,_tRNAs,_CR_(1630)",Number_of_genetic_lineages,NA,NA,NA,NA,full_range,Dool et al. (2013),"Dool, S. E., Puechmaille, S. J., Dietz, C., Juste, J., IbÃ¡Ã±ez, C., Hulva, P., ... & Teeling, E. C. (2013). Phylogeography and postglacial recolonization of Europe by Rhinolophus hipposideros: evidence from multiple genetic markers. Molecular Ecology, 22(15), 4055-4070.",NA,NA,NA
223,Rhinolophus_hipposideros,GeneticPopulationStructure,7,NA,NA,Maximum,Sequence length bp OR Number of markers: _microsatellites_8,Number_of_sub-populations,NA,NA,NA,NA,full_range,Dool et al. (2013),"Dool, S. E., Puechmaille, S. J., Dietz, C., Juste, J., IbÃ¡Ã±ez, C., Hulva, P., ... & Teeling, E. C. (2013). Phylogeography and postglacial recolonization of Europe by Rhinolophus hipposideros: evidence from multiple genetic markers. Molecular Ecology, 22(15), 4055-4070.",NA,NA,NA
224,Rhinolophus_hipposideros,AllelicRichness,3,0.5,0.16,mean,Sequence length bp OR Number of markers: _microsatellites,Number_of_alleles,NA,NA,NA,NA,full_range,Dool et al. (2013),"Dool, S. E., Puechmaille, S. J., Dietz, C., Juste, J., IbÃ¡Ã±ez, C., Hulva, P., ... & Teeling, E. C. (2013). Phylogeography and postglacial recolonization of Europe by Rhinolophus hipposideros: evidence from multiple genetic markers. Molecular Ecology, 22(15), 4055-4070.",Range: 2.33-3.96,NA,NA
226,Rhinolophus_hipposideros,NF,64,NA,NA,Maximum,NA,Number_of_chromosomal_arms,NA,NA,NA,NA,NA,KarataÅŸ et al. (2006),"KarataÅŸ, A., SÃ¶zen, M., & Matur, F. (2006). Karyology of some bat species (Chiroptera: Rhinolophidae, Molossidae) from Turkey. Mammalian biology, 71(3), 159-163.",NA,NA,NA
227,Rhinolophus_hipposideros,NFa,60,NA,NA,Maximum,NA,Number_of_autosomal_arms,NA,NA,NA,NA,NA,KarataÅŸ et al. (2006),"KarataÅŸ, A., SÃ¶zen, M., & Matur, F. (2006). Karyology of some bat species (Chiroptera: Rhinolophidae, Molossidae) from Turkey. Mammalian biology, 71(3), 159-163.",NA,NA,NA
228,Rhinolophus_hipposideros,Karyotype,54,NA,NA,Maximum,NA,Number_of_chromosomes,NA,NA,NA,NA,Western_Europe,Puerma et al. (2008),"Puerma, E., Acosta, M. J., BarragÃ¡n, M. J. L., MartÃ­nez, S., Marchal, J. A., Bullejos, M., & SÃ¡nchez, A. (2008). The karyotype and 5S rRNA genes from Spanish individuals of the bat species Rhinolophus hipposideros (Rhinolophidae; Chiroptera). Genetica, 134(3), 287-295.",NA,NA,NA
230,Rhinolophus_mehelyi,Linage,2,NA,NA,Maximum,"Sequence_length_bp_OR_Number_of_markers:__Cytb,_CR_(1267)",Number_of_genetic_lineages,NA,NA,NA,NA,full_range,Najafi et al. (2019b),"Najafi, N., Sharifi, M., & Akmali, V. (2019). First insights into the population genetic structure and the phylogeographic status of the Mehelyâ€™s horseshoe bat Rhinolophus mehelyi (Chiroptera: Rhinolophidae) in Iran inferred from mitochondrial genes. Mammalian Biology, 99(1), 97-108.",NA,NA,NA
231,Rhinolophus_mehelyi,NF,66,NA,NA,Maximum,Sequence_length_bp_OR_Number_of_markers:_Fluorescence_in-situ_hybridization,Number_of_chromosomal_arms,NA,NA,NA,NA,Greece,Volleth et al. (2002),"Volleth, M., Heller, K. G., Pfeiffer, R. A., & Hameister, H. (2002). A comparative ZOO-FISH analysis in bats elucidates the phylogenetic relationships between Megachiroptera and five microchiropteran families. Chromosome Research, 10(6), 477-497.",NA,NA,NA
232,Rhinolophus_mehelyi,NFa,62,NA,NA,Maximum,Sequence_length_bp_OR_Number_of_markers:_Fluorescence_in-situ_hybridization,Number_of_autosomal_arms,NA,NA,NA,NA,Greece,Volleth et al. (2002),"Volleth, M., Heller, K. G., Pfeiffer, R. A., & Hameister, H. (2002). A comparative ZOO-FISH analysis in bats elucidates the phylogenetic relationships between Megachiroptera and five microchiropteran families. Chromosome Research, 10(6), 477-497.",NA,NA,NA
233,Rhinolophus_mehelyi,Karyotype,58,NA,NA,Maximum,Sequence_length_bp_OR_Number_of_markers:_Fluorescence_in-situ_hybridization,Number_of_chromosomes,NA,NA,NA,NA,Greece,Volleth et al. (2002),"Volleth, M., Heller, K. G., Pfeiffer, R. A., & Hameister, H. (2002). A comparative ZOO-FISH analysis in bats elucidates the phylogenetic relationships between Megachiroptera and five microchiropteran families. Chromosome Research, 10(6), 477-497.",NA,NA,NA
238,Rousettus_aegyptiacus,GenomeSize_(Gb),2,NA,NA,Maximum,NA,Giga_base_pairs,NA,NA,NA,NA,NA,Pavlovich et al. (2018),"Pavlovich, S. S., Lovett, S. P., Koroleva, G., Guito, J. C., Arnold, C. E., Nagle, E. R., ... & Palacios, G. (2018). The Egyptian rousette genome reveals unexpected features of bat antiviral immunity. Cell, 173(5), 1098-1110.",NA,NA,NA
239,Rousettus_aegyptiacus,Linage,5,NA,NA,Maximum,"Sequence_length_bp_OR_Number_of_markers:__Cytb,_CR_(1005)",Number_of_genetic_lineages,NA,NA,NA,NA,full_range,Stribna et al. (2019),"Stribna, T., Romportl, D., DemjanoviÄ, J., Vogeler, A., Tschapka, M., Benda, P., ... & Hulva, P. (2019). Pan African phylogeography and palaeodistribution of rousettine fruit bats: Ecogeographic correlation with Pleistocene climate vegetation cycles. Journal of Biogeography, 46(10), 2336-2349.",NA,NA,NA
240,Rousettus_aegyptiacus,GeneticPopulationStructure,4,NA,NA,Maximum,Sequence length bp OR Number of markers: _microsatellites_20,Number_of_sub-populations,NA,NA,NA,NA,full_range,Stribna et al. (2019),"Stribna, T., Romportl, D., DemjanoviÄ, J., Vogeler, A., Tschapka, M., Benda, P., ... & Hulva, P. (2019). Pan African phylogeography and palaeodistribution of rousettine fruit bats: Ecogeographic correlation with Pleistocene climate vegetation cycles. Journal of Biogeography, 46(10), 2336-2349.",NA,NA,NA
241,Rousettus_aegyptiacus,AllelicRichness,2,0.09,0.05,mean,Sequence length bp OR Number of markers: _microsatellites,Number_of_alleles,NA,NA,NA,NA,full_range,Stribna et al. (2019),"Stribna, T., Romportl, D., DemjanoviÄ, J., Vogeler, A., Tschapka, M., Benda, P., ... & Hulva, P. (2019). Pan African phylogeography and palaeodistribution of rousettine fruit bats: Ecogeographic correlation with Pleistocene climate vegetation cycles. Journal of Biogeography, 46(10), 2336-2349.",Range: 1.662-1.883,NA,NA
242,Tadarida_teniotis,Linage,2,NA,NA,Maximum,"Sequence_length_bp_OR_Number_of_markers:__Cytb,_CR,_COI,_ATP6_(2020)",Number_of_genetic_lineages,2020,individual,NA,NA,Mediterranean_area,Amorim et al. (2020),"Amorim, F., Razgour, O., Mata, V. A., Lopes, S., Godinho, R., IbÃ¡Ã±ez, C., ... & Rebelo, H. (2020). Evolutionary history of the European freeâ€tailed bat, a tropical affinity species spanning across the Mediterranean Basin. Journal of Zoological Systematics and Evolutionary Research, 58(1), 499-518.",NA,NA,NA
243,Tadarida_teniotis,GeneticPopulationStructure,3,NA,NA,Maximum,Sequence length bp OR Number of markers: _microsatellites_14,Number_of_sub-populations,NA,NA,NA,NA,Mediterranean_area,Amorim et al. (2020),"Amorim, F., Razgour, O., Mata, V. A., Lopes, S., Godinho, R., IbÃ¡Ã±ez, C., ... & Rebelo, H. (2020). Evolutionary history of the European freeâ€tailed bat, a tropical affinity species spanning across the Mediterranean Basin. Journal of Zoological Systematics and Evolutionary Research, 58(1), 499-518.",NA,NA,NA
247,Tadarida_teniotis,CompleteMitochondrialGenome(bp),16869,NA,NA,Maximum,NA,base_pairs,NA,NA,NA,NA,NA,Mata et al. (2017),"Mata, V. A., Amorim, F., GuillÃ©n-Servent, A., Beja, P., & Rebelo, H. (2017). First complete mitochondrial genomes of molossid bats (Chiroptera: Molossidae). Mitochondrial DNA Part B, 2(1), 152-154.",NA,NA,NA
248,Vespertilio_murinus,NFa,52,NA,NA,Maximum,NA,Number_of_autosomal_arms,NA,NA,NA,NA,NA,Kulemzina et al. (2011),"Kulemzina, A. I., Nie, W., Trifonov, V. A., Staroselec, Y., Vasenkov, D. A., Volleth, M., ... & Graphodatsky, A. S. (2011). Comparative chromosome painting of four Siberian Vespertilionidae species with Aselliscus stoliczkanus and human probes. Cytogenetic and Genome Research, 134(3), 200-205.",NA,NA,NA
249,Vespertilio_murinus,NF,56,NA,NA,Maximum,NA,Number_of_chromosomal_arms,NA,NA,NA,NA,NA,Kulemzina et al. (2011),"Kulemzina, A. I., Nie, W., Trifonov, V. A., Staroselec, Y., Vasenkov, D. A., Volleth, M., ... & Graphodatsky, A. S. (2011). Comparative chromosome painting of four Siberian Vespertilionidae species with Aselliscus stoliczkanus and human probes. Cytogenetic and Genome Research, 134(3), 200-205.",NA,NA,NA
250,Vespertilio_murinus,Karyotype,38,NA,NA,Maximum,NA,Number_of_chromosomes,NA,NA,NA,NA,NA,Kulemzina et al. (2011),"Kulemzina, A. I., Nie, W., Trifonov, V. A., Staroselec, Y., Vasenkov, D. A., Volleth, M., ... & Graphodatsky, A. S. (2011). Comparative chromosome painting of four Siberian Vespertilionidae species with Aselliscus stoliczkanus and human probes. Cytogenetic and Genome Research, 134(3), 200-205.",NA,NA,NA
251,Vespertilio_murinus,Linage,2,NA,NA,Maximum,Sequence_length_bp_OR_Number_of_markers:__Cytb,Number_of_genetic_lineages,NA,NA,NA,NA,full_range,Monadjem et al. (2016),"Monadjem, A., Joubert, C., Richards, L., Nielsen, I. B., Nielsen, M., KjartansdÃ³ttir, K. R., ... & Hansen, A. J. (2016). First record of Vespertilio murinus from the Arabian Peninsula. Vespertilio, 18, 79-89.",NA,NA,NA
252,Vespertilio_murinus,CompleteMitochondrialGenome(bp),16721,NA,NA,Maximum,NA,base_pairs,NA,NA,NA,NA,NA,Monadjem et al. (2016),"Monadjem, A., Joubert, C., Richards, L., Nielsen, I. B., Nielsen, M., KjartansdÃ³ttir, K. R., ... & Hansen, A. J. (2016). First record of Vespertilio murinus from the Arabian Peninsula. Vespertilio, 18, 79-89.",NA,NA,NA
